Workbook

Sheet Indice
S1: {id:97,title: "He aquí que nuestro espejo es el Señor", subtitle: "Oda XIII de Salomó", category: "Catecumenado", moments: ["Cuaresma", "Pascua", "Laudes/Visperas"], url: "/cantos/src/chtml/h/heaquiquenuestroespejoeselsenor.html"},
A2: # | B2: Or# | C2: Canto | D2: subtitle | E2: iniciar | F2: Categoria | G2: Adviento | H2: Navidad | I2: Cuaresma | J2: Pascua | K2: Pentecostés | L2: Entrada | M2: Virgen | N2: Paz | O2: Pan | P2: Comunión | Q2: Niños | R2: Laudes | S2: Nuevo Testamento | T2: Antiguo Testamento | U2: Final | V2: URL | W2: Codigo | AM2: x
A3: 237 | B3: 1 | C3: A la cena del Cordero | D3: Himno lat. «Ad cenam Agni providi» | E3: =LOWER(LEFT(Table1[[#This Row],[Canto]],1)) -> a | F3: Eleccion | G3: =IFERROR(IF(VLOOKUP(C3,Adviento!A:C,3,FALSE)=Table1[[#Headers],[Adviento]],Table1[[#Headers],[Adviento]],""),"") | H3: =IFERROR(IF(VLOOKUP(C3,Navidad!A:C,3,FALSE)=Table1[[#Headers],[Navidad]],Table1[[#Headers],[Navidad]],""),"") | I3: =IFERROR(IF(VLOOKUP(C3,Cuaresma!A:C,3,FALSE)=Table1[[#Headers],[Cuaresma]],Table1[[#Headers],[Cuaresma]],""),"") | J3: =IFERROR(IF(VLOOKUP(C3,Pascua!A:C,3,FALSE)=Table1[[#Headers],[Pascua]],Table1[[#Headers],[Pascua]],""),"") -> Pascua | K3: =IFERROR(IF(VLOOKUP(C3,Pentecostés!A:C,3,FALSE)=Table1[[#Headers],[Pentecostés]],Table1[[#Headers],[Pentecostés]],""),"") -> Pentecostés | L3: =IFERROR(IF(VLOOKUP(C3,Entrada!A:C,3,FALSE)=Table1[[#Headers],[Entrada]],Table1[[#Headers],[Entrada]],""),"") | M3: =IFERROR(IF(VLOOKUP(C3,Virgen!A:C,3,FALSE)=Table1[[#Headers],[Virgen]],Table1[[#Headers],[Virgen]],""),"") | N3: =IFERROR(IF(VLOOKUP(C3,Paz!A:C,3,FALSE)=Table1[[#Headers],[Paz]],Table1[[#Headers],[Paz]],""),"") | O3: =IFERROR(IF(VLOOKUP(C3,Pan!A:C,3,FALSE)=Table1[[#Headers],[Pan]],Table1[[#Headers],[Pan]],""),"") | P3: =IFERROR(IF(VLOOKUP(C3,Comunión!A:C,3,FALSE)=Table1[[#Headers],[Comunión]],Table1[[#Headers],[Comunión]],""),"") | Q3: =IFERROR(IF(VLOOKUP(C3,Niños!A:C,3,FALSE)=Table1[[#Headers],[Niños]],Table1[[#Headers],[Niños]],""),"") | R3: =IFERROR(IF(VLOOKUP(C3,Laudes!A:C,3,FALSE)=Table1[[#Headers],[Laudes]],Table1[[#Headers],[Laudes]],""),"") -> Laudes | S3: =IFERROR(IF(VLOOKUP(C3,'Nuevo Testamento'!A:C,3,FALSE)=Table1[[#Headers],[Nuevo Testamento]],Table1[[#Headers],[Nuevo Testamento]],""),"") | T3: =IFERROR(IF(VLOOKUP(C3,'Antiguo Testamento'!A:C,3,FALSE)=Table1[[#Headers],[Antiguo Testamento]],Table1[[#Headers],[Antiguo Testamento]],""),"") | U3: =IFERROR(IF(VLOOKUP(C3,Final!A:C,3,FALSE)=Table1[[#Headers],[Final]],Table1[[#Headers],[Final]],""),"") | V3: {=_xlfn.LET( _xlpm.texto_limpio, _xlfn.REDUCE( LOWER(Table1[[#This Row],[Canto]]), {"á";"é";"í";"ó";"ú";"ñ";",";" "}, _xlfn.LAMBDA(_xlpm.acum,_xlpm.caracter, SUBSTITUTE(_xlpm.acum, _xlpm.caracter, CHOOSE(MATCH(_xlpm.caracter, {"á";"é";"í";"ó";"ú";"ñ";",";" "}, 0), "a","e","i","o","u","n","",""))) ), _xlfn.CONCAT("/cantos/src/chtml/", Table1[[#This Row],[iniciar]], "/", _xlpm.texto_limpio, ".html") )} -> /cantos/src/chtml/a/alacenadelcordero.html | W3: =_xlfn.CONCAT("{id:",Table1[[#This Row],[Or'#]],",","title: ","""",Table1[[#This Row],[Canto]],"""",", subtitle: ","""",Table1[[#This Row],[subtitle]],"""",", ","category: ","""",Table1[[#This Row],[Categoria]],"""",", moments: [","""",Table1[[#This Row],[Adviento]],""",","""",Table1[[#This Row],[Navidad]],""",","""",Table1[[#This Row],[Cuaresma]],""",","""",Table1[[#This Row],[Pascua]],""",","""",Table1[[#This Row],[Pentecostés]],""",","""",Table1[[#This Row],[Entrada]],""",","""",Table1[[#This Row],[Virgen]],""",","""",Table1[[#This Row],[Paz]],""",","""",Table1[[#This Row],[Pan]],""",","""",Table1[[#This Row],[Comunión]],""",","""",Table1[[#This Row],[Niños]],""",","""",Table1[[#This Row],[Laudes]],""",","""",Table1[[#This Row],[Nuevo Testamento]],""",","""",Table1[[#This Row],[Antiguo Testamento]],""",","""",Table1[[#This Row],[Final]],"""","], url: ","""",Table1[[#This Row],[URL]],"""","},") -> {id:1,title: "A la cena del Cordero", subtitle: "Himno lat. «Ad cenam Agni providi»", category: "Eleccion", moments: ["","","","Pascua","Pentecostés","","","","","","","Laudes","","",""], url: "/cantos/src/chtml/a/alacenadelcordero.html"},
A4: 1 | B4: 2 | C4: A la víctima pascual | D4: Secuencia de Pascua - Himno lat. «Victimae paschall laudes» | E4: =LOWER(LEFT(Table1[[#This Row],[Canto]],1)) -> a | F4: Precatecumenado | G4: =IFERROR(IF(VLOOKUP(C4,Adviento!A:C,3,FALSE)=Table1[[#Headers],[Adviento]],Table1[[#Headers],[Adviento]],""),"") | H4: =IFERROR(IF(VLOOKUP(C4,Navidad!A:C,3,FALSE)=Table1[[#Headers],[Navidad]],Table1[[#Headers],[Navidad]],""),"") | I4: =IFERROR(IF(VLOOKUP(C4,Cuaresma!A:C,3,FALSE)=Table1[[#Headers],[Cuaresma]],Table1[[#Headers],[Cuaresma]],""),"") | J4: =IFERROR(IF(VLOOKUP(C4,Pascua!A:C,3,FALSE)=Table1[[#Headers],[Pascua]],Table1[[#Headers],[Pascua]],""),"") -> Pascua | K4: =IFERROR(IF(VLOOKUP(C4,Pentecostés!A:C,3,FALSE)=Table1[[#Headers],[Pentecostés]],Table1[[#Headers],[Pentecostés]],""),"") -> Pentecostés | L4: =IFERROR(IF(VLOOKUP(C4,Entrada!A:C,3,FALSE)=Table1[[#Headers],[Entrada]],Table1[[#Headers],[Entrada]],""),"") | M4: =IFERROR(IF(VLOOKUP(C4,Virgen!A:C,3,FALSE)=Table1[[#Headers],[Virgen]],Table1[[#Headers],[Virgen]],""),"") | N4: =IFERROR(IF(VLOOKUP(C4,Paz!A:C,3,FALSE)=Table1[[#Headers],[Paz]],Table1[[#Headers],[Paz]],""),"") | O4: =IFERROR(IF(VLOOKUP(C4,Pan!A:C,3,FALSE)=Table1[[#Headers],[Pan]],Table1[[#Headers],[Pan]],""),"") | P4: =IFERROR(IF(VLOOKUP(C4,Comunión!A:C,3,FALSE)=Table1[[#Headers],[Comunión]],Table1[[#Headers],[Comunión]],""),"") | Q4: =IFERROR(IF(VLOOKUP(C4,Niños!A:C,3,FALSE)=Table1[[#Headers],[Niños]],Table1[[#Headers],[Niños]],""),"") | R4: =IFERROR(IF(VLOOKUP(C4,Laudes!A:C,3,FALSE)=Table1[[#Headers],[Laudes]],Table1[[#Headers],[Laudes]],""),"") | S4: =IFERROR(IF(VLOOKUP(C4,'Nuevo Testamento'!A:C,3,FALSE)=Table1[[#Headers],[Nuevo Testamento]],Table1[[#Headers],[Nuevo Testamento]],""),"") -> Nuevo Testamento | T4: =IFERROR(IF(VLOOKUP(C4,'Antiguo Testamento'!A:C,3,FALSE)=Table1[[#Headers],[Antiguo Testamento]],Table1[[#Headers],[Antiguo Testamento]],""),"") | U4: =IFERROR(IF(VLOOKUP(C4,Final!A:C,3,FALSE)=Table1[[#Headers],[Final]],Table1[[#Headers],[Final]],""),"") | V4: {=_xlfn.LET( _xlpm.texto_limpio, _xlfn.REDUCE( LOWER(Table1[[#This Row],[Canto]]), {"á";"é";"í";"ó";"ú";"ñ";",";" "}, _xlfn.LAMBDA(_xlpm.acum,_xlpm.caracter, SUBSTITUTE(_xlpm.acum, _xlpm.caracter, CHOOSE(MATCH(_xlpm.caracter, {"á";"é";"í";"ó";"ú";"ñ";",";" "}, 0), "a","e","i","o","u","n","",""))) ), _xlfn.CONCAT("/cantos/src/chtml/", Table1[[#This Row],[iniciar]], "/", _xlpm.texto_limpio, ".html") )} -> /cantos/src/chtml/a/alavictimapascual.html | W4: =_xlfn.CONCAT("{id:",Table1[[#This Row],[Or'#]],",","title: ","""",Table1[[#This Row],[Canto]],"""",", subtitle: ","""",Table1[[#This Row],[subtitle]],"""",", ","category: ","""",Table1[[#This Row],[Categoria]],"""",", moments: [","""",Table1[[#This Row],[Adviento]],""",","""",Table1[[#This Row],[Navidad]],""",","""",Table1[[#This Row],[Cuaresma]],""",","""",Table1[[#This Row],[Pascua]],""",","""",Table1[[#This Row],[Pentecostés]],""",","""",Table1[[#This Row],[Entrada]],""",","""",Table1[[#This Row],[Virgen]],""",","""",Table1[[#This Row],[Paz]],""",","""",Table1[[#This Row],[Pan]],""",","""",Table1[[#This Row],[Comunión]],""",","""",Table1[[#This Row],[Niños]],""",","""",Table1[[#This Row],[Laudes]],""",","""",Table1[[#This Row],[Nuevo Testamento]],""",","""",Table1[[#This Row],[Antiguo Testamento]],""",","""",Table1[[#This Row],[Final]],"""","], url: ","""",Table1[[#This Row],[URL]],"""","},") -> {id:2,title: "A la víctima pascual", subtitle: "Secuencia de Pascua - Himno lat. «Victimae paschall laudes» ", category: "Precatecumenado", moments: ["","","","Pascua","Pentecostés","","","","","","","","Nuevo Testamento","",""], url: "/cantos/src/chtml/a/alavictimapascual.html"},
A5: 2 | B5: 3 | C5: A nadie demos ocasión de tropiezo | D5: 2ª Corintios 6,3ss | E5: =LOWER(LEFT(Table1[[#This Row],[Canto]],1)) -> a | F5: Precatecumenado | G5: =IFERROR(IF(VLOOKUP(C5,Adviento!A:C,3,FALSE)=Table1[[#Headers],[Adviento]],Table1[[#Headers],[Adviento]],""),"") | H5: =IFERROR(IF(VLOOKUP(C5,Navidad!A:C,3,FALSE)=Table1[[#Headers],[Navidad]],Table1[[#Headers],[Navidad]],""),"") | I5: =IFERROR(IF(VLOOKUP(C5,Cuaresma!A:C,3,FALSE)=Table1[[#Headers],[Cuaresma]],Table1[[#Headers],[Cuaresma]],""),"") | J5: =IFERROR(IF(VLOOKUP(C5,Pascua!A:C,3,FALSE)=Table1[[#Headers],[Pascua]],Table1[[#Headers],[Pascua]],""),"") | K5: =IFERROR(IF(VLOOKUP(C5,Pentecostés!A:C,3,FALSE)=Table1[[#Headers],[Pentecostés]],Table1[[#Headers],[Pentecostés]],""),"") | L5: =IFERROR(IF(VLOOKUP(C5,Entrada!A:C,3,FALSE)=Table1[[#Headers],[Entrada]],Table1[[#Headers],[Entrada]],""),"") | M5: =IFERROR(IF(VLOOKUP(C5,Virgen!A:C,3,FALSE)=Table1[[#Headers],[Virgen]],Table1[[#Headers],[Virgen]],""),"") | N5: =IFERROR(IF(VLOOKUP(C5,Paz!A:C,3,FALSE)=Table1[[#Headers],[Paz]],Table1[[#Headers],[Paz]],""),"") | O5: =IFERROR(IF(VLOOKUP(C5,Pan!A:C,3,FALSE)=Table1[[#Headers],[Pan]],Table1[[#Headers],[Pan]],""),"") | P5: =IFERROR(IF(VLOOKUP(C5,Comunión!A:C,3,FALSE)=Table1[[#Headers],[Comunión]],Table1[[#Headers],[Comunión]],""),"") | Q5: =IFERROR(IF(VLOOKUP(C5,Niños!A:C,3,FALSE)=Table1[[#Headers],[Niños]],Table1[[#Headers],[Niños]],""),"") | R5: =IFERROR(IF(VLOOKUP(C5,Laudes!A:C,3,FALSE)=Table1[[#Headers],[Laudes]],Table1[[#Headers],[Laudes]],""),"") | S5: =IFERROR(IF(VLOOKUP(C5,'Nuevo Testamento'!A:C,3,FALSE)=Table1[[#Headers],[Nuevo Testamento]],Table1[[#Headers],[Nuevo Testamento]],""),"") -> Nuevo Testamento | T5: =IFERROR(IF(VLOOKUP(C5,'Antiguo Testamento'!A:C,3,FALSE)=Table1[[#Headers],[Antiguo Testamento]],Table1[[#Headers],[Antiguo Testamento]],""),"") | U5: =IFERROR(IF(VLOOKUP(C5,Final!A:C,3,FALSE)=Table1[[#Headers],[Final]],Table1[[#Headers],[Final]],""),"") | V5: {=_xlfn.LET( _xlpm.texto_limpio, _xlfn.REDUCE( LOWER(Table1[[#This Row],[Canto]]), {"á";"é";"í";"ó";"ú";"ñ";",";" "}, _xlfn.LAMBDA(_xlpm.acum,_xlpm.caracter, SUBSTITUTE(_xlpm.acum, _xlpm.caracter, CHOOSE(MATCH(_xlpm.caracter, {"á";"é";"í";"ó";"ú";"ñ";",";" "}, 0), "a","e","i","o","u","n","",""))) ), _xlfn.CONCAT("/cantos/src/chtml/", Table1[[#This Row],[iniciar]], "/", _xlpm.texto_limpio, ".html") )} -> /cantos/src/chtml/a/anadiedemosocasiondetropiezo.html | W5: =_xlfn.CONCAT("{id:",Table1[[#This Row],[Or'#]],",","title: ","""",Table1[[#This Row],[Canto]],"""",", subtitle: ","""",Table1[[#This Row],[subtitle]],"""",", ","category: ","""",Table1[[#This Row],[Categoria]],"""",", moments: [","""",Table1[[#This Row],[Adviento]],""",","""",Table1[[#This Row],[Navidad]],""",","""",Table1[[#This Row],[Cuaresma]],""",","""",Table1[[#This Row],[Pascua]],""",","""",Table1[[#This Row],[Pentecostés]],""",","""",Table1[[#This Row],[Entrada]],""",","""",Table1[[#This Row],[Virgen]],""",","""",Table1[[#This Row],[Paz]],""",","""",Table1[[#This Row],[Pan]],""",","""",Table1[[#This Row],[Comunión]],""",","""",Table1[[#This Row],[Niños]],""",","""",Table1[[#This Row],[Laudes]],""",","""",Table1[[#This Row],[Nuevo Testamento]],""",","""",Table1[[#This Row],[Antiguo Testamento]],""",","""",Table1[[#This Row],[Final]],"""","], url: ","""",Table1[[#This Row],[URL]],"""","},") -> {id:3,title: "A nadie demos ocasión de tropiezo", subtitle: "2ª Corintios 6,3ss", category: "Precatecumenado", moments: ["","","","","","","","","","","","","Nuevo Testamento","",""], url: "/cantos/src/chtml/a/anadiedemosocasiondetropiezo.html"},
A6: 3 | B6: 4 | C6: A ti levanto mis ojos | D6: Salmo 123 (122) | E6: =LOWER(LEFT(Table1[[#This Row],[Canto]],1)) -> a | F6: Precatecumenado | G6: =IFERROR(IF(VLOOKUP(C6,Adviento!A:C,3,FALSE)=Table1[[#Headers],[Adviento]],Table1[[#Headers],[Adviento]],""),"") | H6: =IFERROR(IF(VLOOKUP(C6,Navidad!A:C,3,FALSE)=Table1[[#Headers],[Navidad]],Table1[[#Headers],[Navidad]],""),"") | I6: =IFERROR(IF(VLOOKUP(C6,Cuaresma!A:C,3,FALSE)=Table1[[#Headers],[Cuaresma]],Table1[[#Headers],[Cuaresma]],""),"") -> Cuaresma | J6: =IFERROR(IF(VLOOKUP(C6,Pascua!A:C,3,FALSE)=Table1[[#Headers],[Pascua]],Table1[[#Headers],[Pascua]],""),"") | K6: =IFERROR(IF(VLOOKUP(C6,Pentecostés!A:C,3,FALSE)=Table1[[#Headers],[Pentecostés]],Table1[[#Headers],[Pentecostés]],""),"") | L6: =IFERROR(IF(VLOOKUP(C6,Entrada!A:C,3,FALSE)=Table1[[#Headers],[Entrada]],Table1[[#Headers],[Entrada]],""),"") | M6: =IFERROR(IF(VLOOKUP(C6,Virgen!A:C,3,FALSE)=Table1[[#Headers],[Virgen]],Table1[[#Headers],[Virgen]],""),"") | N6: =IFERROR(IF(VLOOKUP(C6,Paz!A:C,3,FALSE)=Table1[[#Headers],[Paz]],Table1[[#Headers],[Paz]],""),"") | O6: =IFERROR(IF(VLOOKUP(C6,Pan!A:C,3,FALSE)=Table1[[#Headers],[Pan]],Table1[[#Headers],[Pan]],""),"") | P6: =IFERROR(IF(VLOOKUP(C6,Comunión!A:C,3,FALSE)=Table1[[#Headers],[Comunión]],Table1[[#Headers],[Comunión]],""),"") | Q6: =IFERROR(IF(VLOOKUP(C6,Niños!A:C,3,FALSE)=Table1[[#Headers],[Niños]],Table1[[#Headers],[Niños]],""),"") | R6: =IFERROR(IF(VLOOKUP(C6,Laudes!A:C,3,FALSE)=Table1[[#Headers],[Laudes]],Table1[[#Headers],[Laudes]],""),"") | S6: =IFERROR(IF(VLOOKUP(C6,'Nuevo Testamento'!A:C,3,FALSE)=Table1[[#Headers],[Nuevo Testamento]],Table1[[#Headers],[Nuevo Testamento]],""),"") | T6: =IFERROR(IF(VLOOKUP(C6,'Antiguo Testamento'!A:C,3,FALSE)=Table1[[#Headers],[Antiguo Testamento]],Table1[[#Headers],[Antiguo Testamento]],""),"") -> Antiguo Testamento | U6: =IFERROR(IF(VLOOKUP(C6,Final!A:C,3,FALSE)=Table1[[#Headers],[Final]],Table1[[#Headers],[Final]],""),"") | V6: {=_xlfn.LET( _xlpm.texto_limpio, _xlfn.REDUCE( LOWER(Table1[[#This Row],[Canto]]), {"á";"é";"í";"ó";"ú";"ñ";",";" "}, _xlfn.LAMBDA(_xlpm.acum,_xlpm.caracter, SUBSTITUTE(_xlpm.acum, _xlpm.caracter, CHOOSE(MATCH(_xlpm.caracter, {"á";"é";"í";"ó";"ú";"ñ";",";" "}, 0), "a","e","i","o","u","n","",""))) ), _xlfn.CONCAT("/cantos/src/chtml/", Table1[[#This Row],[iniciar]], "/", _xlpm.texto_limpio, ".html") )} -> /cantos/src/chtml/a/atilevantomisojos.html | W6: =_xlfn.CONCAT("{id:",Table1[[#This Row],[Or'#]],",","title: ","""",Table1[[#This Row],[Canto]],"""",", subtitle: ","""",Table1[[#This Row],[subtitle]],"""",", ","category: ","""",Table1[[#This Row],[Categoria]],"""",", moments: [","""",Table1[[#This Row],[Adviento]],""",","""",Table1[[#This Row],[Navidad]],""",","""",Table1[[#This Row],[Cuaresma]],""",","""",Table1[[#This Row],[Pascua]],""",","""",Table1[[#This Row],[Pentecostés]],""",","""",Table1[[#This Row],[Entrada]],""",","""",Table1[[#This Row],[Virgen]],""",","""",Table1[[#This Row],[Paz]],""",","""",Table1[[#This Row],[Pan]],""",","""",Table1[[#This Row],[Comunión]],""",","""",Table1[[#This Row],[Niños]],""",","""",Table1[[#This Row],[Laudes]],""",","""",Table1[[#This Row],[Nuevo Testamento]],""",","""",Table1[[#This Row],[Antiguo Testamento]],""",","""",Table1[[#This Row],[Final]],"""","], url: ","""",Table1[[#This Row],[URL]],"""","},") -> {id:4,title: "A ti levanto mis ojos", subtitle: "Salmo 123 (122)", category: "Precatecumenado", moments: ["","","Cuaresma","","","","","","","","","","","Antiguo Testamento",""], url: "/cantos/src/chtml/a/atilevantomisojos.html"},
A7: 4 | B7: 5 | C7: A ti, Señor, en mi clamor imploro | D7: Salmo 142 (141) | E7: =LOWER(LEFT(Table1[[#This Row],[Canto]],1)) -> a | F7: Precatecumenado | G7: =IFERROR(IF(VLOOKUP(C7,Adviento!A:C,3,FALSE)=Table1[[#Headers],[Adviento]],Table1[[#Headers],[Adviento]],""),"") | H7: =IFERROR(IF(VLOOKUP(C7,Navidad!A:C,3,FALSE)=Table1[[#Headers],[Navidad]],Table1[[#Headers],[Navidad]],""),"") | I7: =IFERROR(IF(VLOOKUP(C7,Cuaresma!A:C,3,FALSE)=Table1[[#Headers],[Cuaresma]],Table1[[#Headers],[Cuaresma]],""),"") -> Cuaresma | J7: =IFERROR(IF(VLOOKUP(C7,Pascua!A:C,3,FALSE)=Table1[[#Headers],[Pascua]],Table1[[#Headers],[Pascua]],""),"") | K7: =IFERROR(IF(VLOOKUP(C7,Pentecostés!A:C,3,FALSE)=Table1[[#Headers],[Pentecostés]],Table1[[#Headers],[Pentecostés]],""),"") | L7: =IFERROR(IF(VLOOKUP(C7,Entrada!A:C,3,FALSE)=Table1[[#Headers],[Entrada]],Table1[[#Headers],[Entrada]],""),"") | M7: =IFERROR(IF(VLOOKUP(C7,Virgen!A:C,3,FALSE)=Table1[[#Headers],[Virgen]],Table1[[#Headers],[Virgen]],""),"") | N7: =IFERROR(IF(VLOOKUP(C7,Paz!A:C,3,FALSE)=Table1[[#Headers],[Paz]],Table1[[#Headers],[Paz]],""),"") | O7: =IFERROR(IF(VLOOKUP(C7,Pan!A:C,3,FALSE)=Table1[[#Headers],[Pan]],Table1[[#Headers],[Pan]],""),"") | P7: =IFERROR(IF(VLOOKUP(C7,Comunión!A:C,3,FALSE)=Table1[[#Headers],[Comunión]],Table1[[#Headers],[Comunión]],""),"") | Q7: =IFERROR(IF(VLOOKUP(C7,Niños!A:C,3,FALSE)=Table1[[#Headers],[Niños]],Table1[[#Headers],[Niños]],""),"") | R7: =IFERROR(IF(VLOOKUP(C7,Laudes!A:C,3,FALSE)=Table1[[#Headers],[Laudes]],Table1[[#Headers],[Laudes]],""),"") | S7: =IFERROR(IF(VLOOKUP(C7,'Nuevo Testamento'!A:C,3,FALSE)=Table1[[#Headers],[Nuevo Testamento]],Table1[[#Headers],[Nuevo Testamento]],""),"") | T7: =IFERROR(IF(VLOOKUP(C7,'Antiguo Testamento'!A:C,3,FALSE)=Table1[[#Headers],[Antiguo Testamento]],Table1[[#Headers],[Antiguo Testamento]],""),"") -> Antiguo Testamento | U7: =IFERROR(IF(VLOOKUP(C7,Final!A:C,3,FALSE)=Table1[[#Headers],[Final]],Table1[[#Headers],[Final]],""),"") | V7: {=_xlfn.LET( _xlpm.texto_limpio, _xlfn.REDUCE( LOWER(Table1[[#This Row],[Canto]]), {"á";"é";"í";"ó";"ú";"ñ";",";" "}, _xlfn.LAMBDA(_xlpm.acum,_xlpm.caracter, SUBSTITUTE(_xlpm.acum, _xlpm.caracter, CHOOSE(MATCH(_xlpm.caracter, {"á";"é";"í";"ó";"ú";"ñ";",";" "}, 0), "a","e","i","o","u","n","",""))) ), _xlfn.CONCAT("/cantos/src/chtml/", Table1[[#This Row],[iniciar]], "/", _xlpm.texto_limpio, ".html") )} -> /cantos/src/chtml/a/atisenorenmiclamorimploro.html | W7: =_xlfn.CONCAT("{id:",Table1[[#This Row],[Or'#]],",","title: ","""",Table1[[#This Row],[Canto]],"""",", subtitle: ","""",Table1[[#This Row],[subtitle]],"""",", ","category: ","""",Table1[[#This Row],[Categoria]],"""",", moments: [","""",Table1[[#This Row],[Adviento]],""",","""",Table1[[#This Row],[Navidad]],""",","""",Table1[[#This Row],[Cuaresma]],""",","""",Table1[[#This Row],[Pascua]],""",","""",Table1[[#This Row],[Pentecostés]],""",","""",Table1[[#This Row],[Entrada]],""",","""",Table1[[#This Row],[Virgen]],""",","""",Table1[[#This Row],[Paz]],""",","""",Table1[[#This Row],[Pan]],""",","""",Table1[[#This Row],[Comunión]],""",","""",Table1[[#This Row],[Niños]],""",","""",Table1[[#This Row],[Laudes]],""",","""",Table1[[#This Row],[Nuevo Testamento]],""",","""",Table1[[#This Row],[Antiguo Testamento]],""",","""",Table1[[#This Row],[Final]],"""","], url: ","""",Table1[[#This Row],[URL]],"""","},") -> {id:5,title: "A ti, Señor, en mi clamor imploro", subtitle: "Salmo 142 (141)", category: "Precatecumenado", moments: ["","","Cuaresma","","","","","","","","","","","Antiguo Testamento",""], url: "/cantos/src/chtml/a/atisenorenmiclamorimploro.html"},
A8: 5 | B8: 6 | C8: A ti, Señor, levanto mi alma | D8: Salmo 25 (24) | E8: =LOWER(LEFT(Table1[[#This Row],[Canto]],1)) -> a | F8: Precatecumenado | G8: =IFERROR(IF(VLOOKUP(C8,Adviento!A:C,3,FALSE)=Table1[[#Headers],[Adviento]],Table1[[#Headers],[Adviento]],""),"") | H8: =IFERROR(IF(VLOOKUP(C8,Navidad!A:C,3,FALSE)=Table1[[#Headers],[Navidad]],Table1[[#Headers],[Navidad]],""),"") | I8: =IFERROR(IF(VLOOKUP(C8,Cuaresma!A:C,3,FALSE)=Table1[[#Headers],[Cuaresma]],Table1[[#Headers],[Cuaresma]],""),"") -> Cuaresma | J8: =IFERROR(IF(VLOOKUP(C8,Pascua!A:C,3,FALSE)=Table1[[#Headers],[Pascua]],Table1[[#Headers],[Pascua]],""),"") | K8: =IFERROR(IF(VLOOKUP(C8,Pentecostés!A:C,3,FALSE)=Table1[[#Headers],[Pentecostés]],Table1[[#Headers],[Pentecostés]],""),"") | L8: =IFERROR(IF(VLOOKUP(C8,Entrada!A:C,3,FALSE)=Table1[[#Headers],[Entrada]],Table1[[#Headers],[Entrada]],""),"") | M8: =IFERROR(IF(VLOOKUP(C8,Virgen!A:C,3,FALSE)=Table1[[#Headers],[Virgen]],Table1[[#Headers],[Virgen]],""),"") | N8: =IFERROR(IF(VLOOKUP(C8,Paz!A:C,3,FALSE)=Table1[[#Headers],[Paz]],Table1[[#Headers],[Paz]],""),"") | O8: =IFERROR(IF(VLOOKUP(C8,Pan!A:C,3,FALSE)=Table1[[#Headers],[Pan]],Table1[[#Headers],[Pan]],""),"") | P8: =IFERROR(IF(VLOOKUP(C8,Comunión!A:C,3,FALSE)=Table1[[#Headers],[Comunión]],Table1[[#Headers],[Comunión]],""),"") | Q8: =IFERROR(IF(VLOOKUP(C8,Niños!A:C,3,FALSE)=Table1[[#Headers],[Niños]],Table1[[#Headers],[Niños]],""),"") | R8: =IFERROR(IF(VLOOKUP(C8,Laudes!A:C,3,FALSE)=Table1[[#Headers],[Laudes]],Table1[[#Headers],[Laudes]],""),"") | S8: =IFERROR(IF(VLOOKUP(C8,'Nuevo Testamento'!A:C,3,FALSE)=Table1[[#Headers],[Nuevo Testamento]],Table1[[#Headers],[Nuevo Testamento]],""),"") | T8: =IFERROR(IF(VLOOKUP(C8,'Antiguo Testamento'!A:C,3,FALSE)=Table1[[#Headers],[Antiguo Testamento]],Table1[[#Headers],[Antiguo Testamento]],""),"") -> Antiguo Testamento | U8: =IFERROR(IF(VLOOKUP(C8,Final!A:C,3,FALSE)=Table1[[#Headers],[Final]],Table1[[#Headers],[Final]],""),"") | V8: {=_xlfn.LET( _xlpm.texto_limpio, _xlfn.REDUCE( LOWER(Table1[[#This Row],[Canto]]), {"á";"é";"í";"ó";"ú";"ñ";",";" "}, _xlfn.LAMBDA(_xlpm.acum,_xlpm.caracter, SUBSTITUTE(_xlpm.acum, _xlpm.caracter, CHOOSE(MATCH(_xlpm.caracter, {"á";"é";"í";"ó";"ú";"ñ";",";" "}, 0), "a","e","i","o","u","n","",""))) ), _xlfn.CONCAT("/cantos/src/chtml/", Table1[[#This Row],[iniciar]], "/", _xlpm.texto_limpio, ".html") )} -> /cantos/src/chtml/a/atisenorlevantomialma.html | W8: =_xlfn.CONCAT("{id:",Table1[[#This Row],[Or'#]],",","title: ","""",Table1[[#This Row],[Canto]],"""",", subtitle: ","""",Table1[[#This Row],[subtitle]],"""",", ","category: ","""",Table1[[#This Row],[Categoria]],"""",", moments: [","""",Table1[[#This Row],[Adviento]],""",","""",Table1[[#This Row],[Navidad]],""",","""",Table1[[#This Row],[Cuaresma]],""",","""",Table1[[#This Row],[Pascua]],""",","""",Table1[[#This Row],[Pentecostés]],""",","""",Table1[[#This Row],[Entrada]],""",","""",Table1[[#This Row],[Virgen]],""",","""",Table1[[#This Row],[Paz]],""",","""",Table1[[#This Row],[Pan]],""",","""",Table1[[#This Row],[Comunión]],""",","""",Table1[[#This Row],[Niños]],""",","""",Table1[[#This Row],[Laudes]],""",","""",Table1[[#This Row],[Nuevo Testamento]],""",","""",Table1[[#This Row],[Antiguo Testamento]],""",","""",Table1[[#This Row],[Final]],"""","], url: ","""",Table1[[#This Row],[URL]],"""","},") -> {id:6,title: "A ti, Señor, levanto mi alma", subtitle: "Salmo 25 (24)", category: "Precatecumenado", moments: ["","","Cuaresma","","","","","","","","","","","Antiguo Testamento",""], url: "/cantos/src/chtml/a/atisenorlevantomialma.html"},
A9: 6 | B9: 7 | C9: A ti, Señor, se debe la alabanza en Sión | D9: Salmo 65 (64) | E9: =LOWER(LEFT(Table1[[#This Row],[Canto]],1)) -> a | F9: Precatecumenado | G9: =IFERROR(IF(VLOOKUP(C9,Adviento!A:C,3,FALSE)=Table1[[#Headers],[Adviento]],Table1[[#Headers],[Adviento]],""),"") | H9: =IFERROR(IF(VLOOKUP(C9,Navidad!A:C,3,FALSE)=Table1[[#Headers],[Navidad]],Table1[[#Headers],[Navidad]],""),"") | I9: =IFERROR(IF(VLOOKUP(C9,Cuaresma!A:C,3,FALSE)=Table1[[#Headers],[Cuaresma]],Table1[[#Headers],[Cuaresma]],""),"") -> Cuaresma | J9: =IFERROR(IF(VLOOKUP(C9,Pascua!A:C,3,FALSE)=Table1[[#Headers],[Pascua]],Table1[[#Headers],[Pascua]],""),"") | K9: =IFERROR(IF(VLOOKUP(C9,Pentecostés!A:C,3,FALSE)=Table1[[#Headers],[Pentecostés]],Table1[[#Headers],[Pentecostés]],""),"") | L9: =IFERROR(IF(VLOOKUP(C9,Entrada!A:C,3,FALSE)=Table1[[#Headers],[Entrada]],Table1[[#Headers],[Entrada]],""),"") | M9: =IFERROR(IF(VLOOKUP(C9,Virgen!A:C,3,FALSE)=Table1[[#Headers],[Virgen]],Table1[[#Headers],[Virgen]],""),"") | N9: =IFERROR(IF(VLOOKUP(C9,Paz!A:C,3,FALSE)=Table1[[#Headers],[Paz]],Table1[[#Headers],[Paz]],""),"") | O9: =IFERROR(IF(VLOOKUP(C9,Pan!A:C,3,FALSE)=Table1[[#Headers],[Pan]],Table1[[#Headers],[Pan]],""),"") | P9: =IFERROR(IF(VLOOKUP(C9,Comunión!A:C,3,FALSE)=Table1[[#Headers],[Comunión]],Table1[[#Headers],[Comunión]],""),"") | Q9: =IFERROR(IF(VLOOKUP(C9,Niños!A:C,3,FALSE)=Table1[[#Headers],[Niños]],Table1[[#Headers],[Niños]],""),"") | R9: =IFERROR(IF(VLOOKUP(C9,Laudes!A:C,3,FALSE)=Table1[[#Headers],[Laudes]],Table1[[#Headers],[Laudes]],""),"") -> Laudes | S9: =IFERROR(IF(VLOOKUP(C9,'Nuevo Testamento'!A:C,3,FALSE)=Table1[[#Headers],[Nuevo Testamento]],Table1[[#Headers],[Nuevo Testamento]],""),"") | T9: =IFERROR(IF(VLOOKUP(C9,'Antiguo Testamento'!A:C,3,FALSE)=Table1[[#Headers],[Antiguo Testamento]],Table1[[#Headers],[Antiguo Testamento]],""),"") -> Antiguo Testamento | U9: =IFERROR(IF(VLOOKUP(C9,Final!A:C,3,FALSE)=Table1[[#Headers],[Final]],Table1[[#Headers],[Final]],""),"") | V9: {=_xlfn.LET( _xlpm.texto_limpio, _xlfn.REDUCE( LOWER(Table1[[#This Row],[Canto]]), {"á";"é";"í";"ó";"ú";"ñ";",";" "}, _xlfn.LAMBDA(_xlpm.acum,_xlpm.caracter, SUBSTITUTE(_xlpm.acum, _xlpm.caracter, CHOOSE(MATCH(_xlpm.caracter, {"á";"é";"í";"ó";"ú";"ñ";",";" "}, 0), "a","e","i","o","u","n","",""))) ), _xlfn.CONCAT("/cantos/src/chtml/", Table1[[#This Row],[iniciar]], "/", _xlpm.texto_limpio, ".html") )} -> /cantos/src/chtml/a/atisenorsedebelaalabanzaension.html | W9: =_xlfn.CONCAT("{id:",Table1[[#This Row],[Or'#]],",","title: ","""",Table1[[#This Row],[Canto]],"""",", subtitle: ","""",Table1[[#This Row],[subtitle]],"""",", ","category: ","""",Table1[[#This Row],[Categoria]],"""",", moments: [","""",Table1[[#This Row],[Adviento]],""",","""",Table1[[#This Row],[Navidad]],""",","""",Table1[[#This Row],[Cuaresma]],""",","""",Table1[[#This Row],[Pascua]],""",","""",Table1[[#This Row],[Pentecostés]],""",","""",Table1[[#This Row],[Entrada]],""",","""",Table1[[#This Row],[Virgen]],""",","""",Table1[[#This Row],[Paz]],""",","""",Table1[[#This Row],[Pan]],""",","""",Table1[[#This Row],[Comunión]],""",","""",Table1[[#This Row],[Niños]],""",","""",Table1[[#This Row],[Laudes]],""",","""",Table1[[#This Row],[Nuevo Testamento]],""",","""",Table1[[#This Row],[Antiguo Testamento]],""",","""",Table1[[#This Row],[Final]],"""","], url: ","""",Table1[[#This Row],[URL]],"""","},") -> {id:7,title: "A ti, Señor, se debe la alabanza en Sión", subtitle: "Salmo 65 (64)", category: "Precatecumenado", moments: ["","","Cuaresma","","","","","","","","","Laudes","","Antiguo Testamento",""], url: "/cantos/src/chtml/a/atisenorsedebelaalabanzaension.html"},
A10: 7 | B10: 8 | C10: Abbá, Padre | D10: Romanos 8,15–17 | E10: =LOWER(LEFT(Table1[[#This Row],[Canto]],1)) -> a | F10: Precatecumenado | G10: =IFERROR(IF(VLOOKUP(C10,Adviento!A:C,3,FALSE)=Table1[[#Headers],[Adviento]],Table1[[#Headers],[Adviento]],""),"") | H10: =IFERROR(IF(VLOOKUP(C10,Navidad!A:C,3,FALSE)=Table1[[#Headers],[Navidad]],Table1[[#Headers],[Navidad]],""),"") | I10: =IFERROR(IF(VLOOKUP(C10,Cuaresma!A:C,3,FALSE)=Table1[[#Headers],[Cuaresma]],Table1[[#Headers],[Cuaresma]],""),"") | J10: =IFERROR(IF(VLOOKUP(C10,Pascua!A:C,3,FALSE)=Table1[[#Headers],[Pascua]],Table1[[#Headers],[Pascua]],""),"") -> Pascua | K10: =IFERROR(IF(VLOOKUP(C10,Pentecostés!A:C,3,FALSE)=Table1[[#Headers],[Pentecostés]],Table1[[#Headers],[Pentecostés]],""),"") -> Pentecostés | L10: =IFERROR(IF(VLOOKUP(C10,Entrada!A:C,3,FALSE)=Table1[[#Headers],[Entrada]],Table1[[#Headers],[Entrada]],""),"") -> Entrada | M10: =IFERROR(IF(VLOOKUP(C10,Virgen!A:C,3,FALSE)=Table1[[#Headers],[Virgen]],Table1[[#Headers],[Virgen]],""),"") | N10: =IFERROR(IF(VLOOKUP(C10,Paz!A:C,3,FALSE)=Table1[[#Headers],[Paz]],Table1[[#Headers],[Paz]],""),"") | O10: =IFERROR(IF(VLOOKUP(C10,Pan!A:C,3,FALSE)=Table1[[#Headers],[Pan]],Table1[[#Headers],[Pan]],""),"") | P10: =IFERROR(IF(VLOOKUP(C10,Comunión!A:C,3,FALSE)=Table1[[#Headers],[Comunión]],Table1[[#Headers],[Comunión]],""),"") | Q10: =IFERROR(IF(VLOOKUP(C10,Niños!A:C,3,FALSE)=Table1[[#Headers],[Niños]],Table1[[#Headers],[Niños]],""),"") | R10: =IFERROR(IF(VLOOKUP(C10,Laudes!A:C,3,FALSE)=Table1[[#Headers],[Laudes]],Table1[[#Headers],[Laudes]],""),"") -> Laudes | S10: =IFERROR(IF(VLOOKUP(C10,'Nuevo Testamento'!A:C,3,FALSE)=Table1[[#Headers],[Nuevo Testamento]],Table1[[#Headers],[Nuevo Testamento]],""),"") -> Nuevo Testamento | T10: =IFERROR(IF(VLOOKUP(C10,'Antiguo Testamento'!A:C,3,FALSE)=Table1[[#Headers],[Antiguo Testamento]],Table1[[#Headers],[Antiguo Testamento]],""),"") | U10: =IFERROR(IF(VLOOKUP(C10,Final!A:C,3,FALSE)=Table1[[#Headers],[Final]],Table1[[#Headers],[Final]],""),"") | V10: {=_xlfn.LET( _xlpm.texto_limpio, _xlfn.REDUCE( LOWER(Table1[[#This Row],[Canto]]), {"á";"é";"í";"ó";"ú";"ñ";",";" "}, _xlfn.LAMBDA(_xlpm.acum,_xlpm.caracter, SUBSTITUTE(_xlpm.acum, _xlpm.caracter, CHOOSE(MATCH(_xlpm.caracter, {"á";"é";"í";"ó";"ú";"ñ";",";" "}, 0), "a","e","i","o","u","n","",""))) ), _xlfn.CONCAT("/cantos/src/chtml/", Table1[[#This Row],[iniciar]], "/", _xlpm.texto_limpio, ".html") )} -> /cantos/src/chtml/a/abbapadre.html | W10: =_xlfn.CONCAT("{id:",Table1[[#This Row],[Or'#]],",","title: ","""",Table1[[#This Row],[Canto]],"""",", subtitle: ","""",Table1[[#This Row],[subtitle]],"""",", ","category: ","""",Table1[[#This Row],[Categoria]],"""",", moments: [","""",Table1[[#This Row],[Adviento]],""",","""",Table1[[#This Row],[Navidad]],""",","""",Table1[[#This Row],[Cuaresma]],""",","""",Table1[[#This Row],[Pascua]],""",","""",Table1[[#This Row],[Pentecostés]],""",","""",Table1[[#This Row],[Entrada]],""",","""",Table1[[#This Row],[Virgen]],""",","""",Table1[[#This Row],[Paz]],""",","""",Table1[[#This Row],[Pan]],""",","""",Table1[[#This Row],[Comunión]],""",","""",Table1[[#This Row],[Niños]],""",","""",Table1[[#This Row],[Laudes]],""",","""",Table1[[#This Row],[Nuevo Testamento]],""",","""",Table1[[#This Row],[Antiguo Testamento]],""",","""",Table1[[#This Row],[Final]],"""","], url: ","""",Table1[[#This Row],[URL]],"""","},") -> {id:8,title: "Abbá, Padre", subtitle: "Romanos 8,15–17", category: "Precatecumenado", moments: ["","","","Pascua","Pentecostés","Entrada","","","","","","Laudes","Nuevo Testamento","",""], url: "/cantos/src/chtml/a/abbapadre.html"},
A11: 8 | B11: 9 | C11: Abraham | D11: Génesis 18,1–5 – Teofanía de Mambré | E11: =LOWER(LEFT(Table1[[#This Row],[Canto]],1)) -> a | F11: Precatecumenado | G11: =IFERROR(IF(VLOOKUP(C11,Adviento!A:C,3,FALSE)=Table1[[#Headers],[Adviento]],Table1[[#Headers],[Adviento]],""),"") | H11: =IFERROR(IF(VLOOKUP(C11,Navidad!A:C,3,FALSE)=Table1[[#Headers],[Navidad]],Table1[[#Headers],[Navidad]],""),"") | I11: =IFERROR(IF(VLOOKUP(C11,Cuaresma!A:C,3,FALSE)=Table1[[#Headers],[Cuaresma]],Table1[[#Headers],[Cuaresma]],""),"") | J11: =IFERROR(IF(VLOOKUP(C11,Pascua!A:C,3,FALSE)=Table1[[#Headers],[Pascua]],Table1[[#Headers],[Pascua]],""),"") | K11: =IFERROR(IF(VLOOKUP(C11,Pentecostés!A:C,3,FALSE)=Table1[[#Headers],[Pentecostés]],Table1[[#Headers],[Pentecostés]],""),"") | L11: =IFERROR(IF(VLOOKUP(C11,Entrada!A:C,3,FALSE)=Table1[[#Headers],[Entrada]],Table1[[#Headers],[Entrada]],""),"") -> Entrada | M11: =IFERROR(IF(VLOOKUP(C11,Virgen!A:C,3,FALSE)=Table1[[#Headers],[Virgen]],Table1[[#Headers],[Virgen]],""),"") | N11: =IFERROR(IF(VLOOKUP(C11,Paz!A:C,3,FALSE)=Table1[[#Headers],[Paz]],Table1[[#Headers],[Paz]],""),"") | O11: =IFERROR(IF(VLOOKUP(C11,Pan!A:C,3,FALSE)=Table1[[#Headers],[Pan]],Table1[[#Headers],[Pan]],""),"") | P11: =IFERROR(IF(VLOOKUP(C11,Comunión!A:C,3,FALSE)=Table1[[#Headers],[Comunión]],Table1[[#Headers],[Comunión]],""),"") | Q11: =IFERROR(IF(VLOOKUP(C11,Niños!A:C,3,FALSE)=Table1[[#Headers],[Niños]],Table1[[#Headers],[Niños]],""),"") | R11: =IFERROR(IF(VLOOKUP(C11,Laudes!A:C,3,FALSE)=Table1[[#Headers],[Laudes]],Table1[[#Headers],[Laudes]],""),"") -> Laudes | S11: =IFERROR(IF(VLOOKUP(C11,'Nuevo Testamento'!A:C,3,FALSE)=Table1[[#Headers],[Nuevo Testamento]],Table1[[#Headers],[Nuevo Testamento]],""),"") | T11: =IFERROR(IF(VLOOKUP(C11,'Antiguo Testamento'!A:C,3,FALSE)=Table1[[#Headers],[Antiguo Testamento]],Table1[[#Headers],[Antiguo Testamento]],""),"") -> Antiguo Testamento | U11: =IFERROR(IF(VLOOKUP(C11,Final!A:C,3,FALSE)=Table1[[#Headers],[Final]],Table1[[#Headers],[Final]],""),"") | V11: {=_xlfn.LET( _xlpm.texto_limpio, _xlfn.REDUCE( LOWER(Table1[[#This Row],[Canto]]), {"á";"é";"í";"ó";"ú";"ñ";",";" "}, _xlfn.LAMBDA(_xlpm.acum,_xlpm.caracter, SUBSTITUTE(_xlpm.acum, _xlpm.caracter, CHOOSE(MATCH(_xlpm.caracter, {"á";"é";"í";"ó";"ú";"ñ";",";" "}, 0), "a","e","i","o","u","n","",""))) ), _xlfn.CONCAT("/cantos/src/chtml/", Table1[[#This Row],[iniciar]], "/", _xlpm.texto_limpio, ".html") )} -> /cantos/src/chtml/a/abraham.html | W11: =_xlfn.CONCAT("{id:",Table1[[#This Row],[Or'#]],",","title: ","""",Table1[[#This Row],[Canto]],"""",", subtitle: ","""",Table1[[#This Row],[subtitle]],"""",", ","category: ","""",Table1[[#This Row],[Categoria]],"""",", moments: [","""",Table1[[#This Row],[Adviento]],""",","""",Table1[[#This Row],[Navidad]],""",","""",Table1[[#This Row],[Cuaresma]],""",","""",Table1[[#This Row],[Pascua]],""",","""",Table1[[#This Row],[Pentecostés]],""",","""",Table1[[#This Row],[Entrada]],""",","""",Table1[[#This Row],[Virgen]],""",","""",Table1[[#This Row],[Paz]],""",","""",Table1[[#This Row],[Pan]],""",","""",Table1[[#This Row],[Comunión]],""",","""",Table1[[#This Row],[Niños]],""",","""",Table1[[#This Row],[Laudes]],""",","""",Table1[[#This Row],[Nuevo Testamento]],""",","""",Table1[[#This Row],[Antiguo Testamento]],""",","""",Table1[[#This Row],[Final]],"""","], url: ","""",Table1[[#This Row],[URL]],"""","},") -> {id:9,title: "Abraham", subtitle: "Génesis 18,1–5 – Teofanía de Mambré", category: "Precatecumenado", moments: ["","","","","","Entrada","","","","","","Laudes","","Antiguo Testamento",""], url: "/cantos/src/chtml/a/abraham.html"},
A12: 179 | B12: 10 | C12: Aclamaciones a la oración de los fieles | D12: Respuestas a las oraciones de los fieles, Modelo I, II, III, IV | E12: =LOWER(LEFT(Table1[[#This Row],[Canto]],1)) -> a | F12: Liturgia | G12: =IFERROR(IF(VLOOKUP(C12,Adviento!A:C,3,FALSE)=Table1[[#Headers],[Adviento]],Table1[[#Headers],[Adviento]],""),"") | H12: =IFERROR(IF(VLOOKUP(C12,Navidad!A:C,3,FALSE)=Table1[[#Headers],[Navidad]],Table1[[#Headers],[Navidad]],""),"") | I12: =IFERROR(IF(VLOOKUP(C12,Cuaresma!A:C,3,FALSE)=Table1[[#Headers],[Cuaresma]],Table1[[#Headers],[Cuaresma]],""),"") | J12: =IFERROR(IF(VLOOKUP(C12,Pascua!A:C,3,FALSE)=Table1[[#Headers],[Pascua]],Table1[[#Headers],[Pascua]],""),"") | K12: =IFERROR(IF(VLOOKUP(C12,Pentecostés!A:C,3,FALSE)=Table1[[#Headers],[Pentecostés]],Table1[[#Headers],[Pentecostés]],""),"") | L12: =IFERROR(IF(VLOOKUP(C12,Entrada!A:C,3,FALSE)=Table1[[#Headers],[Entrada]],Table1[[#Headers],[Entrada]],""),"") | M12: =IFERROR(IF(VLOOKUP(C12,Virgen!A:C,3,FALSE)=Table1[[#Headers],[Virgen]],Table1[[#Headers],[Virgen]],""),"") | N12: =IFERROR(IF(VLOOKUP(C12,Paz!A:C,3,FALSE)=Table1[[#Headers],[Paz]],Table1[[#Headers],[Paz]],""),"") | O12: =IFERROR(IF(VLOOKUP(C12,Pan!A:C,3,FALSE)=Table1[[#Headers],[Pan]],Table1[[#Headers],[Pan]],""),"") | P12: =IFERROR(IF(VLOOKUP(C12,Comunión!A:C,3,FALSE)=Table1[[#Headers],[Comunión]],Table1[[#Headers],[Comunión]],""),"") | Q12: =IFERROR(IF(VLOOKUP(C12,Niños!A:C,3,FALSE)=Table1[[#Headers],[Niños]],Table1[[#Headers],[Niños]],""),"") | R12: =IFERROR(IF(VLOOKUP(C12,Laudes!A:C,3,FALSE)=Table1[[#Headers],[Laudes]],Table1[[#Headers],[Laudes]],""),"") | S12: =IFERROR(IF(VLOOKUP(C12,'Nuevo Testamento'!A:C,3,FALSE)=Table1[[#Headers],[Nuevo Testamento]],Table1[[#Headers],[Nuevo Testamento]],""),"") | T12: =IFERROR(IF(VLOOKUP(C12,'Antiguo Testamento'!A:C,3,FALSE)=Table1[[#Headers],[Antiguo Testamento]],Table1[[#Headers],[Antiguo Testamento]],""),"") | U12: =IFERROR(IF(VLOOKUP(C12,Final!A:C,3,FALSE)=Table1[[#Headers],[Final]],Table1[[#Headers],[Final]],""),"") | V12: {=_xlfn.LET( _xlpm.texto_limpio, _xlfn.REDUCE( LOWER(Table1[[#This Row],[Canto]]), {"á";"é";"í";"ó";"ú";"ñ";",";" "}, _xlfn.LAMBDA(_xlpm.acum,_xlpm.caracter, SUBSTITUTE(_xlpm.acum, _xlpm.caracter, CHOOSE(MATCH(_xlpm.caracter, {"á";"é";"í";"ó";"ú";"ñ";",";" "}, 0), "a","e","i","o","u","n","",""))) ), _xlfn.CONCAT("/cantos/src/chtml/", Table1[[#This Row],[iniciar]], "/", _xlpm.texto_limpio, ".html") )} -> /cantos/src/chtml/a/aclamacionesalaoraciondelosfieles.html | W12: =_xlfn.CONCAT("{id:",Table1[[#This Row],[Or'#]],",","title: ","""",Table1[[#This Row],[Canto]],"""",", subtitle: ","""",Table1[[#This Row],[subtitle]],"""",", ","category: ","""",Table1[[#This Row],[Categoria]],"""",", moments: [","""",Table1[[#This Row],[Adviento]],""",","""",Table1[[#This Row],[Navidad]],""",","""",Table1[[#This Row],[Cuaresma]],""",","""",Table1[[#This Row],[Pascua]],""",","""",Table1[[#This Row],[Pentecostés]],""",","""",Table1[[#This Row],[Entrada]],""",","""",Table1[[#This Row],[Virgen]],""",","""",Table1[[#This Row],[Paz]],""",","""",Table1[[#This Row],[Pan]],""",","""",Table1[[#This Row],[Comunión]],""",","""",Table1[[#This Row],[Niños]],""",","""",Table1[[#This Row],[Laudes]],""",","""",Table1[[#This Row],[Nuevo Testamento]],""",","""",Table1[[#This Row],[Antiguo Testamento]],""",","""",Table1[[#This Row],[Final]],"""","], url: ","""",Table1[[#This Row],[URL]],"""","},") -> {id:10,title: "Aclamaciones a la oración de los fieles", subtitle: "Respuestas a las oraciones de los fieles, Modelo I, II, III, IV", category: "Liturgia", moments: ["","","","","","","","","","","","","","",""], url: "/cantos/src/chtml/a/aclamacionesalaoraciondelosfieles.html"},
A13: 9 | B13: 11 | C13: Aclamad al Señor | D13: Salmo 100 (99) | E13: =LOWER(LEFT(Table1[[#This Row],[Canto]],1)) -> a | F13: Precatecumenado | G13: =IFERROR(IF(VLOOKUP(C13,Adviento!A:C,3,FALSE)=Table1[[#Headers],[Adviento]],Table1[[#Headers],[Adviento]],""),"") | H13: =IFERROR(IF(VLOOKUP(C13,Navidad!A:C,3,FALSE)=Table1[[#Headers],[Navidad]],Table1[[#Headers],[Navidad]],""),"") | I13: =IFERROR(IF(VLOOKUP(C13,Cuaresma!A:C,3,FALSE)=Table1[[#Headers],[Cuaresma]],Table1[[#Headers],[Cuaresma]],""),"") | J13: =IFERROR(IF(VLOOKUP(C13,Pascua!A:C,3,FALSE)=Table1[[#Headers],[Pascua]],Table1[[#Headers],[Pascua]],""),"") | K13: =IFERROR(IF(VLOOKUP(C13,Pentecostés!A:C,3,FALSE)=Table1[[#Headers],[Pentecostés]],Table1[[#Headers],[Pentecostés]],""),"") | L13: =IFERROR(IF(VLOOKUP(C13,Entrada!A:C,3,FALSE)=Table1[[#Headers],[Entrada]],Table1[[#Headers],[Entrada]],""),"") -> Entrada | M13: =IFERROR(IF(VLOOKUP(C13,Virgen!A:C,3,FALSE)=Table1[[#Headers],[Virgen]],Table1[[#Headers],[Virgen]],""),"") | N13: =IFERROR(IF(VLOOKUP(C13,Paz!A:C,3,FALSE)=Table1[[#Headers],[Paz]],Table1[[#Headers],[Paz]],""),"") | O13: =IFERROR(IF(VLOOKUP(C13,Pan!A:C,3,FALSE)=Table1[[#Headers],[Pan]],Table1[[#Headers],[Pan]],""),"") | P13: =IFERROR(IF(VLOOKUP(C13,Comunión!A:C,3,FALSE)=Table1[[#Headers],[Comunión]],Table1[[#Headers],[Comunión]],""),"") | Q13: =IFERROR(IF(VLOOKUP(C13,Niños!A:C,3,FALSE)=Table1[[#Headers],[Niños]],Table1[[#Headers],[Niños]],""),"") | R13: =IFERROR(IF(VLOOKUP(C13,Laudes!A:C,3,FALSE)=Table1[[#Headers],[Laudes]],Table1[[#Headers],[Laudes]],""),"") -> Laudes | S13: =IFERROR(IF(VLOOKUP(C13,'Nuevo Testamento'!A:C,3,FALSE)=Table1[[#Headers],[Nuevo Testamento]],Table1[[#Headers],[Nuevo Testamento]],""),"") | T13: =IFERROR(IF(VLOOKUP(C13,'Antiguo Testamento'!A:C,3,FALSE)=Table1[[#Headers],[Antiguo Testamento]],Table1[[#Headers],[Antiguo Testamento]],""),"") -> Antiguo Testamento | U13: =IFERROR(IF(VLOOKUP(C13,Final!A:C,3,FALSE)=Table1[[#Headers],[Final]],Table1[[#Headers],[Final]],""),"") | V13: {=_xlfn.LET( _xlpm.texto_limpio, _xlfn.REDUCE( LOWER(Table1[[#This Row],[Canto]]), {"á";"é";"í";"ó";"ú";"ñ";",";" "}, _xlfn.LAMBDA(_xlpm.acum,_xlpm.caracter, SUBSTITUTE(_xlpm.acum, _xlpm.caracter, CHOOSE(MATCH(_xlpm.caracter, {"á";"é";"í";"ó";"ú";"ñ";",";" "}, 0), "a","e","i","o","u","n","",""))) ), _xlfn.CONCAT("/cantos/src/chtml/", Table1[[#This Row],[iniciar]], "/", _xlpm.texto_limpio, ".html") )} -> /cantos/src/chtml/a/aclamadalsenor.html | W13: =_xlfn.CONCAT("{id:",Table1[[#This Row],[Or'#]],",","title: ","""",Table1[[#This Row],[Canto]],"""",", subtitle: ","""",Table1[[#This Row],[subtitle]],"""",", ","category: ","""",Table1[[#This Row],[Categoria]],"""",", moments: [","""",Table1[[#This Row],[Adviento]],""",","""",Table1[[#This Row],[Navidad]],""",","""",Table1[[#This Row],[Cuaresma]],""",","""",Table1[[#This Row],[Pascua]],""",","""",Table1[[#This Row],[Pentecostés]],""",","""",Table1[[#This Row],[Entrada]],""",","""",Table1[[#This Row],[Virgen]],""",","""",Table1[[#This Row],[Paz]],""",","""",Table1[[#This Row],[Pan]],""",","""",Table1[[#This Row],[Comunión]],""",","""",Table1[[#This Row],[Niños]],""",","""",Table1[[#This Row],[Laudes]],""",","""",Table1[[#This Row],[Nuevo Testamento]],""",","""",Table1[[#This Row],[Antiguo Testamento]],""",","""",Table1[[#This Row],[Final]],"""","], url: ","""",Table1[[#This Row],[URL]],"""","},") -> {id:11,title: "Aclamad al Señor", subtitle: "Salmo 100 (99)", category: "Precatecumenado", moments: ["","","","","","Entrada","","","","","","Laudes","","Antiguo Testamento",""], url: "/cantos/src/chtml/a/aclamadalsenor.html"},
A14: 238 | B14: 12 | C14: Adónde te escondiste, Amado | D14: Cántico espiritual (San Juan de la Cruz) | E14: =LOWER(LEFT(Table1[[#This Row],[Canto]],1)) -> a | F14: Eleccion | G14: =IFERROR(IF(VLOOKUP(C14,Adviento!A:C,3,FALSE)=Table1[[#Headers],[Adviento]],Table1[[#Headers],[Adviento]],""),"") | H14: =IFERROR(IF(VLOOKUP(C14,Navidad!A:C,3,FALSE)=Table1[[#Headers],[Navidad]],Table1[[#Headers],[Navidad]],""),"") | I14: =IFERROR(IF(VLOOKUP(C14,Cuaresma!A:C,3,FALSE)=Table1[[#Headers],[Cuaresma]],Table1[[#Headers],[Cuaresma]],""),"") | J14: =IFERROR(IF(VLOOKUP(C14,Pascua!A:C,3,FALSE)=Table1[[#Headers],[Pascua]],Table1[[#Headers],[Pascua]],""),"") | K14: =IFERROR(IF(VLOOKUP(C14,Pentecostés!A:C,3,FALSE)=Table1[[#Headers],[Pentecostés]],Table1[[#Headers],[Pentecostés]],""),"") | L14: =IFERROR(IF(VLOOKUP(C14,Entrada!A:C,3,FALSE)=Table1[[#Headers],[Entrada]],Table1[[#Headers],[Entrada]],""),"") | M14: =IFERROR(IF(VLOOKUP(C14,Virgen!A:C,3,FALSE)=Table1[[#Headers],[Virgen]],Table1[[#Headers],[Virgen]],""),"") | N14: =IFERROR(IF(VLOOKUP(C14,Paz!A:C,3,FALSE)=Table1[[#Headers],[Paz]],Table1[[#Headers],[Paz]],""),"") | O14: =IFERROR(IF(VLOOKUP(C14,Pan!A:C,3,FALSE)=Table1[[#Headers],[Pan]],Table1[[#Headers],[Pan]],""),"") | P14: =IFERROR(IF(VLOOKUP(C14,Comunión!A:C,3,FALSE)=Table1[[#Headers],[Comunión]],Table1[[#Headers],[Comunión]],""),"") | Q14: =IFERROR(IF(VLOOKUP(C14,Niños!A:C,3,FALSE)=Table1[[#Headers],[Niños]],Table1[[#Headers],[Niños]],""),"") | R14: =IFERROR(IF(VLOOKUP(C14,Laudes!A:C,3,FALSE)=Table1[[#Headers],[Laudes]],Table1[[#Headers],[Laudes]],""),"") | S14: =IFERROR(IF(VLOOKUP(C14,'Nuevo Testamento'!A:C,3,FALSE)=Table1[[#Headers],[Nuevo Testamento]],Table1[[#Headers],[Nuevo Testamento]],""),"") | T14: =IFERROR(IF(VLOOKUP(C14,'Antiguo Testamento'!A:C,3,FALSE)=Table1[[#Headers],[Antiguo Testamento]],Table1[[#Headers],[Antiguo Testamento]],""),"") | U14: =IFERROR(IF(VLOOKUP(C14,Final!A:C,3,FALSE)=Table1[[#Headers],[Final]],Table1[[#Headers],[Final]],""),"") | V14: {=_xlfn.LET( _xlpm.texto_limpio, _xlfn.REDUCE( LOWER(Table1[[#This Row],[Canto]]), {"á";"é";"í";"ó";"ú";"ñ";",";" "}, _xlfn.LAMBDA(_xlpm.acum,_xlpm.caracter, SUBSTITUTE(_xlpm.acum, _xlpm.caracter, CHOOSE(MATCH(_xlpm.caracter, {"á";"é";"í";"ó";"ú";"ñ";",";" "}, 0), "a","e","i","o","u","n","",""))) ), _xlfn.CONCAT("/cantos/src/chtml/", Table1[[#This Row],[iniciar]], "/", _xlpm.texto_limpio, ".html") )} -> /cantos/src/chtml/a/adondeteescondisteamado.html | W14: =_xlfn.CONCAT("{id:",Table1[[#This Row],[Or'#]],",","title: ","""",Table1[[#This Row],[Canto]],"""",", subtitle: ","""",Table1[[#This Row],[subtitle]],"""",", ","category: ","""",Table1[[#This Row],[Categoria]],"""",", moments: [","""",Table1[[#This Row],[Adviento]],""",","""",Table1[[#This Row],[Navidad]],""",","""",Table1[[#This Row],[Cuaresma]],""",","""",Table1[[#This Row],[Pascua]],""",","""",Table1[[#This Row],[Pentecostés]],""",","""",Table1[[#This Row],[Entrada]],""",","""",Table1[[#This Row],[Virgen]],""",","""",Table1[[#This Row],[Paz]],""",","""",Table1[[#This Row],[Pan]],""",","""",Table1[[#This Row],[Comunión]],""",","""",Table1[[#This Row],[Niños]],""",","""",Table1[[#This Row],[Laudes]],""",","""",Table1[[#This Row],[Nuevo Testamento]],""",","""",Table1[[#This Row],[Antiguo Testamento]],""",","""",Table1[[#This Row],[Final]],"""","], url: ","""",Table1[[#This Row],[URL]],"""","},") -> {id:12,title: "Adónde te escondiste, Amado", subtitle: "Cántico espiritual (San Juan de la Cruz) ", category: "Eleccion", moments: ["","","","","","","","","","","","","","",""], url: "/cantos/src/chtml/a/adondeteescondisteamado.html"},
... A192: 216 | B192: 190 | C192: Santo Palestina 74 | D192: Roma 77 | E192: =LOWER(LEFT(Table1[[#This Row],[Canto]],1)) -> s | F192: Liturgia | G192: =IFERROR(IF(VLOOKUP(C192,Adviento!A:C,3,FALSE)=Table1[[#Headers],[Adviento]],Table1[[#Headers],[Adviento]],""),"") | H192: =IFERROR(IF(VLOOKUP(C192,Navidad!A:C,3,FALSE)=Table1[[#Headers],[Navidad]],Table1[[#Headers],[Navidad]],""),"") | I192: =IFERROR(IF(VLOOKUP(C192,Cuaresma!A:C,3,FALSE)=Table1[[#Headers],[Cuaresma]],Table1[[#Headers],[Cuaresma]],""),"") | J192: =IFERROR(IF(VLOOKUP(C192,Pascua!A:C,3,FALSE)=Table1[[#Headers],[Pascua]],Table1[[#Headers],[Pascua]],""),"") | K192: =IFERROR(IF(VLOOKUP(C192,Pentecostés!A:C,3,FALSE)=Table1[[#Headers],[Pentecostés]],Table1[[#Headers],[Pentecostés]],""),"") | L192: =IFERROR(IF(VLOOKUP(C192,Entrada!A:C,3,FALSE)=Table1[[#Headers],[Entrada]],Table1[[#Headers],[Entrada]],""),"") | M192: =IFERROR(IF(VLOOKUP(C192,Virgen!A:C,3,FALSE)=Table1[[#Headers],[Virgen]],Table1[[#Headers],[Virgen]],""),"") | N192: =IFERROR(IF(VLOOKUP(C192,Paz!A:C,3,FALSE)=Table1[[#Headers],[Paz]],Table1[[#Headers],[Paz]],""),"") | O192: =IFERROR(IF(VLOOKUP(C192,Pan!A:C,3,FALSE)=Table1[[#Headers],[Pan]],Table1[[#Headers],[Pan]],""),"") | P192: =IFERROR(IF(VLOOKUP(C192,Comunión!A:C,3,FALSE)=Table1[[#Headers],[Comunión]],Table1[[#Headers],[Comunión]],""),"") | Q192: =IFERROR(IF(VLOOKUP(C192,Niños!A:C,3,FALSE)=Table1[[#Headers],[Niños]],Table1[[#Headers],[Niños]],""),"") | R192: =IFERROR(IF(VLOOKUP(C192,Laudes!A:C,3,FALSE)=Table1[[#Headers],[Laudes]],Table1[[#Headers],[Laudes]],""),"") | S192: =IFERROR(IF(VLOOKUP(C192,'Nuevo Testamento'!A:C,3,FALSE)=Table1[[#Headers],[Nuevo Testamento]],Table1[[#Headers],[Nuevo Testamento]],""),"") | T192: =IFERROR(IF(VLOOKUP(C192,'Antiguo Testamento'!A:C,3,FALSE)=Table1[[#Headers],[Antiguo Testamento]],Table1[[#Headers],[Antiguo Testamento]],""),"") | U192: =IFERROR(IF(VLOOKUP(C192,Final!A:C,3,FALSE)=Table1[[#Headers],[Final]],Table1[[#Headers],[Final]],""),"") | V192: {=_xlfn.LET( _xlpm.texto_limpio, _xlfn.REDUCE( LOWER(Table1[[#This Row],[Canto]]), {"á";"é";"í";"ó";"ú";"ñ";",";" "}, _xlfn.LAMBDA(_xlpm.acum,_xlpm.caracter, SUBSTITUTE(_xlpm.acum, _xlpm.caracter, CHOOSE(MATCH(_xlpm.caracter, {"á";"é";"í";"ó";"ú";"ñ";",";" "}, 0), "a","e","i","o","u","n","",""))) ), _xlfn.CONCAT("/cantos/src/chtml/", Table1[[#This Row],[iniciar]], "/", _xlpm.texto_limpio, ".html") )} -> /cantos/src/chtml/s/santopalestina74.html | W192: =_xlfn.CONCAT("{id:",Table1[[#This Row],[Or'#]],",","title: ","""",Table1[[#This Row],[Canto]],"""",", subtitle: ","""",Table1[[#This Row],[subtitle]],"""",", ","category: ","""",Table1[[#This Row],[Categoria]],"""",", moments: [","""",Table1[[#This Row],[Adviento]],""",","""",Table1[[#This Row],[Navidad]],""",","""",Table1[[#This Row],[Cuaresma]],""",","""",Table1[[#This Row],[Pascua]],""",","""",Table1[[#This Row],[Pentecostés]],""",","""",Table1[[#This Row],[Entrada]],""",","""",Table1[[#This Row],[Virgen]],""",","""",Table1[[#This Row],[Paz]],""",","""",Table1[[#This Row],[Pan]],""",","""",Table1[[#This Row],[Comunión]],""",","""",Table1[[#This Row],[Niños]],""",","""",Table1[[#This Row],[Laudes]],""",","""",Table1[[#This Row],[Nuevo Testamento]],""",","""",Table1[[#This Row],[Antiguo Testamento]],""",","""",Table1[[#This Row],[Final]],"""","], url: ","""",Table1[[#This Row],[URL]],"""","},") -> {id:190,title: "Santo Palestina 74", subtitle: "Roma 77", category: "Liturgia", moments: ["","","","","","","","","","","","","","",""], url: "/cantos/src/chtml/s/santopalestina74.html"},
A193: 214 | B193: 191 | C193: Santo Palomeras 65 | D193: 1982 | E193: =LOWER(LEFT(Table1[[#This Row],[Canto]],1)) -> s | F193: Liturgia | G193: =IFERROR(IF(VLOOKUP(C193,Adviento!A:C,3,FALSE)=Table1[[#Headers],[Adviento]],Table1[[#Headers],[Adviento]],""),"") | H193: =IFERROR(IF(VLOOKUP(C193,Navidad!A:C,3,FALSE)=Table1[[#Headers],[Navidad]],Table1[[#Headers],[Navidad]],""),"") | I193: =IFERROR(IF(VLOOKUP(C193,Cuaresma!A:C,3,FALSE)=Table1[[#Headers],[Cuaresma]],Table1[[#Headers],[Cuaresma]],""),"") | J193: =IFERROR(IF(VLOOKUP(C193,Pascua!A:C,3,FALSE)=Table1[[#Headers],[Pascua]],Table1[[#Headers],[Pascua]],""),"") | K193: =IFERROR(IF(VLOOKUP(C193,Pentecostés!A:C,3,FALSE)=Table1[[#Headers],[Pentecostés]],Table1[[#Headers],[Pentecostés]],""),"") | L193: =IFERROR(IF(VLOOKUP(C193,Entrada!A:C,3,FALSE)=Table1[[#Headers],[Entrada]],Table1[[#Headers],[Entrada]],""),"") | M193: =IFERROR(IF(VLOOKUP(C193,Virgen!A:C,3,FALSE)=Table1[[#Headers],[Virgen]],Table1[[#Headers],[Virgen]],""),"") | N193: =IFERROR(IF(VLOOKUP(C193,Paz!A:C,3,FALSE)=Table1[[#Headers],[Paz]],Table1[[#Headers],[Paz]],""),"") | O193: =IFERROR(IF(VLOOKUP(C193,Pan!A:C,3,FALSE)=Table1[[#Headers],[Pan]],Table1[[#Headers],[Pan]],""),"") | P193: =IFERROR(IF(VLOOKUP(C193,Comunión!A:C,3,FALSE)=Table1[[#Headers],[Comunión]],Table1[[#Headers],[Comunión]],""),"") | Q193: =IFERROR(IF(VLOOKUP(C193,Niños!A:C,3,FALSE)=Table1[[#Headers],[Niños]],Table1[[#Headers],[Niños]],""),"") | R193: =IFERROR(IF(VLOOKUP(C193,Laudes!A:C,3,FALSE)=Table1[[#Headers],[Laudes]],Table1[[#Headers],[Laudes]],""),"") | S193: =IFERROR(IF(VLOOKUP(C193,'Nuevo Testamento'!A:C,3,FALSE)=Table1[[#Headers],[Nuevo Testamento]],Table1[[#Headers],[Nuevo Testamento]],""),"") | T193: =IFERROR(IF(VLOOKUP(C193,'Antiguo Testamento'!A:C,3,FALSE)=Table1[[#Headers],[Antiguo Testamento]],Table1[[#Headers],[Antiguo Testamento]],""),"") | U193: =IFERROR(IF(VLOOKUP(C193,Final!A:C,3,FALSE)=Table1[[#Headers],[Final]],Table1[[#Headers],[Final]],""),"") | V193: {=_xlfn.LET( _xlpm.texto_limpio, _xlfn.REDUCE( LOWER(Table1[[#This Row],[Canto]]), {"á";"é";"í";"ó";"ú";"ñ";",";" "}, _xlfn.LAMBDA(_xlpm.acum,_xlpm.caracter, SUBSTITUTE(_xlpm.acum, _xlpm.caracter, CHOOSE(MATCH(_xlpm.caracter, {"á";"é";"í";"ó";"ú";"ñ";",";" "}, 0), "a","e","i","o","u","n","",""))) ), _xlfn.CONCAT("/cantos/src/chtml/", Table1[[#This Row],[iniciar]], "/", _xlpm.texto_limpio, ".html") )} -> /cantos/src/chtml/s/santopalomeras65.html | W193: =_xlfn.CONCAT("{id:",Table1[[#This Row],[Or'#]],",","title: ","""",Table1[[#This Row],[Canto]],"""",", subtitle: ","""",Table1[[#This Row],[subtitle]],"""",", ","category: ","""",Table1[[#This Row],[Categoria]],"""",", moments: [","""",Table1[[#This Row],[Adviento]],""",","""",Table1[[#This Row],[Navidad]],""",","""",Table1[[#This Row],[Cuaresma]],""",","""",Table1[[#This Row],[Pascua]],""",","""",Table1[[#This Row],[Pentecostés]],""",","""",Table1[[#This Row],[Entrada]],""",","""",Table1[[#This Row],[Virgen]],""",","""",Table1[[#This Row],[Paz]],""",","""",Table1[[#This Row],[Pan]],""",","""",Table1[[#This Row],[Comunión]],""",","""",Table1[[#This Row],[Niños]],""",","""",Table1[[#This Row],[Laudes]],""",","""",Table1[[#This Row],[Nuevo Testamento]],""",","""",Table1[[#This Row],[Antiguo Testamento]],""",","""",Table1[[#This Row],[Final]],"""","], url: ","""",Table1[[#This Row],[URL]],"""","},") -> {id:191,title: "Santo Palomeras 65", subtitle: "1982", category: "Liturgia", moments: ["","","","","","","","","","","","","","",""], url: "/cantos/src/chtml/s/santopalomeras65.html"},
A194: 217 | B194: 192 | C194: Santo Roma 77 | D194: 1988 | E194: =LOWER(LEFT(Table1[[#This Row],[Canto]],1)) -> s | F194: Liturgia | G194: =IFERROR(IF(VLOOKUP(C194,Adviento!A:C,3,FALSE)=Table1[[#Headers],[Adviento]],Table1[[#Headers],[Adviento]],""),"") | H194: =IFERROR(IF(VLOOKUP(C194,Navidad!A:C,3,FALSE)=Table1[[#Headers],[Navidad]],Table1[[#Headers],[Navidad]],""),"") | I194: =IFERROR(IF(VLOOKUP(C194,Cuaresma!A:C,3,FALSE)=Table1[[#Headers],[Cuaresma]],Table1[[#Headers],[Cuaresma]],""),"") | J194: =IFERROR(IF(VLOOKUP(C194,Pascua!A:C,3,FALSE)=Table1[[#Headers],[Pascua]],Table1[[#Headers],[Pascua]],""),"") | K194: =IFERROR(IF(VLOOKUP(C194,Pentecostés!A:C,3,FALSE)=Table1[[#Headers],[Pentecostés]],Table1[[#Headers],[Pentecostés]],""),"") | L194: =IFERROR(IF(VLOOKUP(C194,Entrada!A:C,3,FALSE)=Table1[[#Headers],[Entrada]],Table1[[#Headers],[Entrada]],""),"") | M194: =IFERROR(IF(VLOOKUP(C194,Virgen!A:C,3,FALSE)=Table1[[#Headers],[Virgen]],Table1[[#Headers],[Virgen]],""),"") | N194: =IFERROR(IF(VLOOKUP(C194,Paz!A:C,3,FALSE)=Table1[[#Headers],[Paz]],Table1[[#Headers],[Paz]],""),"") | O194: =IFERROR(IF(VLOOKUP(C194,Pan!A:C,3,FALSE)=Table1[[#Headers],[Pan]],Table1[[#Headers],[Pan]],""),"") | P194: =IFERROR(IF(VLOOKUP(C194,Comunión!A:C,3,FALSE)=Table1[[#Headers],[Comunión]],Table1[[#Headers],[Comunión]],""),"") | Q194: =IFERROR(IF(VLOOKUP(C194,Niños!A:C,3,FALSE)=Table1[[#Headers],[Niños]],Table1[[#Headers],[Niños]],""),"") | R194: =IFERROR(IF(VLOOKUP(C194,Laudes!A:C,3,FALSE)=Table1[[#Headers],[Laudes]],Table1[[#Headers],[Laudes]],""),"") | S194: =IFERROR(IF(VLOOKUP(C194,'Nuevo Testamento'!A:C,3,FALSE)=Table1[[#Headers],[Nuevo Testamento]],Table1[[#Headers],[Nuevo Testamento]],""),"") | T194: =IFERROR(IF(VLOOKUP(C194,'Antiguo Testamento'!A:C,3,FALSE)=Table1[[#Headers],[Antiguo Testamento]],Table1[[#Headers],[Antiguo Testamento]],""),"") | U194: =IFERROR(IF(VLOOKUP(C194,Final!A:C,3,FALSE)=Table1[[#Headers],[Final]],Table1[[#Headers],[Final]],""),"") | V194: {=_xlfn.LET( _xlpm.texto_limpio, _xlfn.REDUCE( LOWER(Table1[[#This Row],[Canto]]), {"á";"é";"í";"ó";"ú";"ñ";",";" "}, _xlfn.LAMBDA(_xlpm.acum,_xlpm.caracter, SUBSTITUTE(_xlpm.acum, _xlpm.caracter, CHOOSE(MATCH(_xlpm.caracter, {"á";"é";"í";"ó";"ú";"ñ";",";" "}, 0), "a","e","i","o","u","n","",""))) ), _xlfn.CONCAT("/cantos/src/chtml/", Table1[[#This Row],[iniciar]], "/", _xlpm.texto_limpio, ".html") )} -> /cantos/src/chtml/s/santoroma77.html | W194: =_xlfn.CONCAT("{id:",Table1[[#This Row],[Or'#]],",","title: ","""",Table1[[#This Row],[Canto]],"""",", subtitle: ","""",Table1[[#This Row],[subtitle]],"""",", ","category: ","""",Table1[[#This Row],[Categoria]],"""",", moments: [","""",Table1[[#This Row],[Adviento]],""",","""",Table1[[#This Row],[Navidad]],""",","""",Table1[[#This Row],[Cuaresma]],""",","""",Table1[[#This Row],[Pascua]],""",","""",Table1[[#This Row],[Pentecostés]],""",","""",Table1[[#This Row],[Entrada]],""",","""",Table1[[#This Row],[Virgen]],""",","""",Table1[[#This Row],[Paz]],""",","""",Table1[[#This Row],[Pan]],""",","""",Table1[[#This Row],[Comunión]],""",","""",Table1[[#This Row],[Niños]],""",","""",Table1[[#This Row],[Laudes]],""",","""",Table1[[#This Row],[Nuevo Testamento]],""",","""",Table1[[#This Row],[Antiguo Testamento]],""",","""",Table1[[#This Row],[Final]],"""","], url: ","""",Table1[[#This Row],[URL]],"""","},") -> {id:192,title: "Santo Roma 77", subtitle: "1988", category: "Liturgia", moments: ["","","","","","","","","","","","","","",""], url: "/cantos/src/chtml/s/santoroma77.html"},
A195: 145 | B195: 193 | C195: Se encontraron dos ángeles | D195: Melodía hebraica | E195: =LOWER(LEFT(Table1[[#This Row],[Canto]],1)) -> s | F195: Precatecumenado | G195: =IFERROR(IF(VLOOKUP(C195,Adviento!A:C,3,FALSE)=Table1[[#Headers],[Adviento]],Table1[[#Headers],[Adviento]],""),"") | H195: =IFERROR(IF(VLOOKUP(C195,Navidad!A:C,3,FALSE)=Table1[[#Headers],[Navidad]],Table1[[#Headers],[Navidad]],""),"") | I195: =IFERROR(IF(VLOOKUP(C195,Cuaresma!A:C,3,FALSE)=Table1[[#Headers],[Cuaresma]],Table1[[#Headers],[Cuaresma]],""),"") | J195: =IFERROR(IF(VLOOKUP(C195,Pascua!A:C,3,FALSE)=Table1[[#Headers],[Pascua]],Table1[[#Headers],[Pascua]],""),"") | K195: =IFERROR(IF(VLOOKUP(C195,Pentecostés!A:C,3,FALSE)=Table1[[#Headers],[Pentecostés]],Table1[[#Headers],[Pentecostés]],""),"") | L195: =IFERROR(IF(VLOOKUP(C195,Entrada!A:C,3,FALSE)=Table1[[#Headers],[Entrada]],Table1[[#Headers],[Entrada]],""),"") | M195: =IFERROR(IF(VLOOKUP(C195,Virgen!A:C,3,FALSE)=Table1[[#Headers],[Virgen]],Table1[[#Headers],[Virgen]],""),"") | N195: =IFERROR(IF(VLOOKUP(C195,Paz!A:C,3,FALSE)=Table1[[#Headers],[Paz]],Table1[[#Headers],[Paz]],""),"") -> Paz | O195: =IFERROR(IF(VLOOKUP(C195,Pan!A:C,3,FALSE)=Table1[[#Headers],[Pan]],Table1[[#Headers],[Pan]],""),"") | P195: =IFERROR(IF(VLOOKUP(C195,Comunión!A:C,3,FALSE)=Table1[[#Headers],[Comunión]],Table1[[#Headers],[Comunión]],""),"") | Q195: =IFERROR(IF(VLOOKUP(C195,Niños!A:C,3,FALSE)=Table1[[#Headers],[Niños]],Table1[[#Headers],[Niños]],""),"") -> Niños | R195: =IFERROR(IF(VLOOKUP(C195,Laudes!A:C,3,FALSE)=Table1[[#Headers],[Laudes]],Table1[[#Headers],[Laudes]],""),"") | S195: =IFERROR(IF(VLOOKUP(C195,'Nuevo Testamento'!A:C,3,FALSE)=Table1[[#Headers],[Nuevo Testamento]],Table1[[#Headers],[Nuevo Testamento]],""),"") | T195: =IFERROR(IF(VLOOKUP(C195,'Antiguo Testamento'!A:C,3,FALSE)=Table1[[#Headers],[Antiguo Testamento]],Table1[[#Headers],[Antiguo Testamento]],""),"") | U195: =IFERROR(IF(VLOOKUP(C195,Final!A:C,3,FALSE)=Table1[[#Headers],[Final]],Table1[[#Headers],[Final]],""),"") | V195: {=_xlfn.LET( _xlpm.texto_limpio, _xlfn.REDUCE( LOWER(Table1[[#This Row],[Canto]]), {"á";"é";"í";"ó";"ú";"ñ";",";" "}, _xlfn.LAMBDA(_xlpm.acum,_xlpm.caracter, SUBSTITUTE(_xlpm.acum, _xlpm.caracter, CHOOSE(MATCH(_xlpm.caracter, {"á";"é";"í";"ó";"ú";"ñ";",";" "}, 0), "a","e","i","o","u","n","",""))) ), _xlfn.CONCAT("/cantos/src/chtml/", Table1[[#This Row],[iniciar]], "/", _xlpm.texto_limpio, ".html") )} -> /cantos/src/chtml/s/seencontrarondosangeles.html | W195: =_xlfn.CONCAT("{id:",Table1[[#This Row],[Or'#]],",","title: ","""",Table1[[#This Row],[Canto]],"""",", subtitle: ","""",Table1[[#This Row],[subtitle]],"""",", ","category: ","""",Table1[[#This Row],[Categoria]],"""",", moments: [","""",Table1[[#This Row],[Adviento]],""",","""",Table1[[#This Row],[Navidad]],""",","""",Table1[[#This Row],[Cuaresma]],""",","""",Table1[[#This Row],[Pascua]],""",","""",Table1[[#This Row],[Pentecostés]],""",","""",Table1[[#This Row],[Entrada]],""",","""",Table1[[#This Row],[Virgen]],""",","""",Table1[[#This Row],[Paz]],""",","""",Table1[[#This Row],[Pan]],""",","""",Table1[[#This Row],[Comunión]],""",","""",Table1[[#This Row],[Niños]],""",","""",Table1[[#This Row],[Laudes]],""",","""",Table1[[#This Row],[Nuevo Testamento]],""",","""",Table1[[#This Row],[Antiguo Testamento]],""",","""",Table1[[#This Row],[Final]],"""","], url: ","""",Table1[[#This Row],[URL]],"""","},") -> {id:193,title: "Se encontraron dos ángeles", subtitle: "Melodía hebraica", category: "Precatecumenado", moments: ["","","","","","","","Paz","","","Niños","","","",""], url: "/cantos/src/chtml/s/seencontrarondosangeles.html"},
A196: 146 | B196: 194 | C196: Señor, ayúdame a no dudar de ti | D196: (Kiko Argüello) | E196: =LOWER(LEFT(Table1[[#This Row],[Canto]],1)) -> s | F196: Precatecumenado | G196: =IFERROR(IF(VLOOKUP(C196,Adviento!A:C,3,FALSE)=Table1[[#Headers],[Adviento]],Table1[[#Headers],[Adviento]],""),"") | H196: =IFERROR(IF(VLOOKUP(C196,Navidad!A:C,3,FALSE)=Table1[[#Headers],[Navidad]],Table1[[#Headers],[Navidad]],""),"") | I196: =IFERROR(IF(VLOOKUP(C196,Cuaresma!A:C,3,FALSE)=Table1[[#Headers],[Cuaresma]],Table1[[#Headers],[Cuaresma]],""),"") -> Cuaresma | J196: =IFERROR(IF(VLOOKUP(C196,Pascua!A:C,3,FALSE)=Table1[[#Headers],[Pascua]],Table1[[#Headers],[Pascua]],""),"") | K196: =IFERROR(IF(VLOOKUP(C196,Pentecostés!A:C,3,FALSE)=Table1[[#Headers],[Pentecostés]],Table1[[#Headers],[Pentecostés]],""),"") | L196: =IFERROR(IF(VLOOKUP(C196,Entrada!A:C,3,FALSE)=Table1[[#Headers],[Entrada]],Table1[[#Headers],[Entrada]],""),"") | M196: =IFERROR(IF(VLOOKUP(C196,Virgen!A:C,3,FALSE)=Table1[[#Headers],[Virgen]],Table1[[#Headers],[Virgen]],""),"") | N196: =IFERROR(IF(VLOOKUP(C196,Paz!A:C,3,FALSE)=Table1[[#Headers],[Paz]],Table1[[#Headers],[Paz]],""),"") | O196: =IFERROR(IF(VLOOKUP(C196,Pan!A:C,3,FALSE)=Table1[[#Headers],[Pan]],Table1[[#Headers],[Pan]],""),"") | P196: =IFERROR(IF(VLOOKUP(C196,Comunión!A:C,3,FALSE)=Table1[[#Headers],[Comunión]],Table1[[#Headers],[Comunión]],""),"") | Q196: =IFERROR(IF(VLOOKUP(C196,Niños!A:C,3,FALSE)=Table1[[#Headers],[Niños]],Table1[[#Headers],[Niños]],""),"") | R196: =IFERROR(IF(VLOOKUP(C196,Laudes!A:C,3,FALSE)=Table1[[#Headers],[Laudes]],Table1[[#Headers],[Laudes]],""),"") -> Laudes | S196: =IFERROR(IF(VLOOKUP(C196,'Nuevo Testamento'!A:C,3,FALSE)=Table1[[#Headers],[Nuevo Testamento]],Table1[[#Headers],[Nuevo Testamento]],""),"") | T196: =IFERROR(IF(VLOOKUP(C196,'Antiguo Testamento'!A:C,3,FALSE)=Table1[[#Headers],[Antiguo Testamento]],Table1[[#Headers],[Antiguo Testamento]],""),"") | U196: =IFERROR(IF(VLOOKUP(C196,Final!A:C,3,FALSE)=Table1[[#Headers],[Final]],Table1[[#Headers],[Final]],""),"") | V196: {=_xlfn.LET( _xlpm.texto_limpio, _xlfn.REDUCE( LOWER(Table1[[#This Row],[Canto]]), {"á";"é";"í";"ó";"ú";"ñ";",";" "}, _xlfn.LAMBDA(_xlpm.acum,_xlpm.caracter, SUBSTITUTE(_xlpm.acum, _xlpm.caracter, CHOOSE(MATCH(_xlpm.caracter, {"á";"é";"í";"ó";"ú";"ñ";",";" "}, 0), "a","e","i","o","u","n","",""))) ), _xlfn.CONCAT("/cantos/src/chtml/", Table1[[#This Row],[iniciar]], "/", _xlpm.texto_limpio, ".html") )} -> /cantos/src/chtml/s/senorayudameanodudardeti.html | W196: =_xlfn.CONCAT("{id:",Table1[[#This Row],[Or'#]],",","title: ","""",Table1[[#This Row],[Canto]],"""",", subtitle: ","""",Table1[[#This Row],[subtitle]],"""",", ","category: ","""",Table1[[#This Row],[Categoria]],"""",", moments: [","""",Table1[[#This Row],[Adviento]],""",","""",Table1[[#This Row],[Navidad]],""",","""",Table1[[#This Row],[Cuaresma]],""",","""",Table1[[#This Row],[Pascua]],""",","""",Table1[[#This Row],[Pentecostés]],""",","""",Table1[[#This Row],[Entrada]],""",","""",Table1[[#This Row],[Virgen]],""",","""",Table1[[#This Row],[Paz]],""",","""",Table1[[#This Row],[Pan]],""",","""",Table1[[#This Row],[Comunión]],""",","""",Table1[[#This Row],[Niños]],""",","""",Table1[[#This Row],[Laudes]],""",","""",Table1[[#This Row],[Nuevo Testamento]],""",","""",Table1[[#This Row],[Antiguo Testamento]],""",","""",Table1[[#This Row],[Final]],"""","], url: ","""",Table1[[#This Row],[URL]],"""","},") -> {id:194,title: "Señor, ayúdame a no dudar de ti", subtitle: "(Kiko Argüello)", category: "Precatecumenado", moments: ["","","Cuaresma","","","","","","","","","Laudes","","",""], url: "/cantos/src/chtml/s/senorayudameanodudardeti.html"},
A197: 147 | B197: 195 | C197: Señor, no me corrijas en tu cólera | D197: Salmo 6 | E197: =LOWER(LEFT(Table1[[#This Row],[Canto]],1)) -> s | F197: Precatecumenado | G197: =IFERROR(IF(VLOOKUP(C197,Adviento!A:C,3,FALSE)=Table1[[#Headers],[Adviento]],Table1[[#Headers],[Adviento]],""),"") | H197: =IFERROR(IF(VLOOKUP(C197,Navidad!A:C,3,FALSE)=Table1[[#Headers],[Navidad]],Table1[[#Headers],[Navidad]],""),"") | I197: =IFERROR(IF(VLOOKUP(C197,Cuaresma!A:C,3,FALSE)=Table1[[#Headers],[Cuaresma]],Table1[[#Headers],[Cuaresma]],""),"") -> Cuaresma | J197: =IFERROR(IF(VLOOKUP(C197,Pascua!A:C,3,FALSE)=Table1[[#Headers],[Pascua]],Table1[[#Headers],[Pascua]],""),"") | K197: =IFERROR(IF(VLOOKUP(C197,Pentecostés!A:C,3,FALSE)=Table1[[#Headers],[Pentecostés]],Table1[[#Headers],[Pentecostés]],""),"") | L197: =IFERROR(IF(VLOOKUP(C197,Entrada!A:C,3,FALSE)=Table1[[#Headers],[Entrada]],Table1[[#Headers],[Entrada]],""),"") | M197: =IFERROR(IF(VLOOKUP(C197,Virgen!A:C,3,FALSE)=Table1[[#Headers],[Virgen]],Table1[[#Headers],[Virgen]],""),"") | N197: =IFERROR(IF(VLOOKUP(C197,Paz!A:C,3,FALSE)=Table1[[#Headers],[Paz]],Table1[[#Headers],[Paz]],""),"") | O197: =IFERROR(IF(VLOOKUP(C197,Pan!A:C,3,FALSE)=Table1[[#Headers],[Pan]],Table1[[#Headers],[Pan]],""),"") | P197: =IFERROR(IF(VLOOKUP(C197,Comunión!A:C,3,FALSE)=Table1[[#Headers],[Comunión]],Table1[[#Headers],[Comunión]],""),"") | Q197: =IFERROR(IF(VLOOKUP(C197,Niños!A:C,3,FALSE)=Table1[[#Headers],[Niños]],Table1[[#Headers],[Niños]],""),"") | R197: =IFERROR(IF(VLOOKUP(C197,Laudes!A:C,3,FALSE)=Table1[[#Headers],[Laudes]],Table1[[#Headers],[Laudes]],""),"") -> Laudes | S197: =IFERROR(IF(VLOOKUP(C197,'Nuevo Testamento'!A:C,3,FALSE)=Table1[[#Headers],[Nuevo Testamento]],Table1[[#Headers],[Nuevo Testamento]],""),"") | T197: =IFERROR(IF(VLOOKUP(C197,'Antiguo Testamento'!A:C,3,FALSE)=Table1[[#Headers],[Antiguo Testamento]],Table1[[#Headers],[Antiguo Testamento]],""),"") -> Antiguo Testamento | U197: =IFERROR(IF(VLOOKUP(C197,Final!A:C,3,FALSE)=Table1[[#Headers],[Final]],Table1[[#Headers],[Final]],""),"") | V197: {=_xlfn.LET( _xlpm.texto_limpio, _xlfn.REDUCE( LOWER(Table1[[#This Row],[Canto]]), {"á";"é";"í";"ó";"ú";"ñ";",";" "}, _xlfn.LAMBDA(_xlpm.acum,_xlpm.caracter, SUBSTITUTE(_xlpm.acum, _xlpm.caracter, CHOOSE(MATCH(_xlpm.caracter, {"á";"é";"í";"ó";"ú";"ñ";",";" "}, 0), "a","e","i","o","u","n","",""))) ), _xlfn.CONCAT("/cantos/src/chtml/", Table1[[#This Row],[iniciar]], "/", _xlpm.texto_limpio, ".html") )} -> /cantos/src/chtml/s/senornomecorrijasentucolera.html | W197: =_xlfn.CONCAT("{id:",Table1[[#This Row],[Or'#]],",","title: ","""",Table1[[#This Row],[Canto]],"""",", subtitle: ","""",Table1[[#This Row],[subtitle]],"""",", ","category: ","""",Table1[[#This Row],[Categoria]],"""",", moments: [","""",Table1[[#This Row],[Adviento]],""",","""",Table1[[#This Row],[Navidad]],""",","""",Table1[[#This Row],[Cuaresma]],""",","""",Table1[[#This Row],[Pascua]],""",","""",Table1[[#This Row],[Pentecostés]],""",","""",Table1[[#This Row],[Entrada]],""",","""",Table1[[#This Row],[Virgen]],""",","""",Table1[[#This Row],[Paz]],""",","""",Table1[[#This Row],[Pan]],""",","""",Table1[[#This Row],[Comunión]],""",","""",Table1[[#This Row],[Niños]],""",","""",Table1[[#This Row],[Laudes]],""",","""",Table1[[#This Row],[Nuevo Testamento]],""",","""",Table1[[#This Row],[Antiguo Testamento]],""",","""",Table1[[#This Row],[Final]],"""","], url: ","""",Table1[[#This Row],[URL]],"""","},") -> {id:195,title: "Señor, no me corrijas en tu cólera", subtitle: "Salmo 6", category: "Precatecumenado", moments: ["","","Cuaresma","","","","","","","","","Laudes","","Antiguo Testamento",""], url: "/cantos/src/chtml/s/senornomecorrijasentucolera.html"},
A198: 233 | B198: 196 | C198: Señor, tú me escrutas y conoces | D198: Sal 139 (138) | E198: =LOWER(LEFT(Table1[[#This Row],[Canto]],1)) -> s | F198: Catecumenado | G198: =IFERROR(IF(VLOOKUP(C198,Adviento!A:C,3,FALSE)=Table1[[#Headers],[Adviento]],Table1[[#Headers],[Adviento]],""),"") | H198: =IFERROR(IF(VLOOKUP(C198,Navidad!A:C,3,FALSE)=Table1[[#Headers],[Navidad]],Table1[[#Headers],[Navidad]],""),"") | I198: =IFERROR(IF(VLOOKUP(C198,Cuaresma!A:C,3,FALSE)=Table1[[#Headers],[Cuaresma]],Table1[[#Headers],[Cuaresma]],""),"") | J198: =IFERROR(IF(VLOOKUP(C198,Pascua!A:C,3,FALSE)=Table1[[#Headers],[Pascua]],Table1[[#Headers],[Pascua]],""),"") | K198: =IFERROR(IF(VLOOKUP(C198,Pentecostés!A:C,3,FALSE)=Table1[[#Headers],[Pentecostés]],Table1[[#Headers],[Pentecostés]],""),"") | L198: =IFERROR(IF(VLOOKUP(C198,Entrada!A:C,3,FALSE)=Table1[[#Headers],[Entrada]],Table1[[#Headers],[Entrada]],""),"") | M198: =IFERROR(IF(VLOOKUP(C198,Virgen!A:C,3,FALSE)=Table1[[#Headers],[Virgen]],Table1[[#Headers],[Virgen]],""),"") | N198: =IFERROR(IF(VLOOKUP(C198,Paz!A:C,3,FALSE)=Table1[[#Headers],[Paz]],Table1[[#Headers],[Paz]],""),"") | O198: =IFERROR(IF(VLOOKUP(C198,Pan!A:C,3,FALSE)=Table1[[#Headers],[Pan]],Table1[[#Headers],[Pan]],""),"") | P198: =IFERROR(IF(VLOOKUP(C198,Comunión!A:C,3,FALSE)=Table1[[#Headers],[Comunión]],Table1[[#Headers],[Comunión]],""),"") | Q198: =IFERROR(IF(VLOOKUP(C198,Niños!A:C,3,FALSE)=Table1[[#Headers],[Niños]],Table1[[#Headers],[Niños]],""),"") | R198: =IFERROR(IF(VLOOKUP(C198,Laudes!A:C,3,FALSE)=Table1[[#Headers],[Laudes]],Table1[[#Headers],[Laudes]],""),"") | S198: =IFERROR(IF(VLOOKUP(C198,'Nuevo Testamento'!A:C,3,FALSE)=Table1[[#Headers],[Nuevo Testamento]],Table1[[#Headers],[Nuevo Testamento]],""),"") | T198: =IFERROR(IF(VLOOKUP(C198,'Antiguo Testamento'!A:C,3,FALSE)=Table1[[#Headers],[Antiguo Testamento]],Table1[[#Headers],[Antiguo Testamento]],""),"") -> Antiguo Testamento | U198: =IFERROR(IF(VLOOKUP(C198,Final!A:C,3,FALSE)=Table1[[#Headers],[Final]],Table1[[#Headers],[Final]],""),"") | V198: {=_xlfn.LET( _xlpm.texto_limpio, _xlfn.REDUCE( LOWER(Table1[[#This Row],[Canto]]), {"á";"é";"í";"ó";"ú";"ñ";",";" "}, _xlfn.LAMBDA(_xlpm.acum,_xlpm.caracter, SUBSTITUTE(_xlpm.acum, _xlpm.caracter, CHOOSE(MATCH(_xlpm.caracter, {"á";"é";"í";"ó";"ú";"ñ";",";" "}, 0), "a","e","i","o","u","n","",""))) ), _xlfn.CONCAT("/cantos/src/chtml/", Table1[[#This Row],[iniciar]], "/", _xlpm.texto_limpio, ".html") )} -> /cantos/src/chtml/s/senortumeescrutasyconoces.html | W198: =_xlfn.CONCAT("{id:",Table1[[#This Row],[Or'#]],",","title: ","""",Table1[[#This Row],[Canto]],"""",", subtitle: ","""",Table1[[#This Row],[subtitle]],"""",", ","category: ","""",Table1[[#This Row],[Categoria]],"""",", moments: [","""",Table1[[#This Row],[Adviento]],""",","""",Table1[[#This Row],[Navidad]],""",","""",Table1[[#This Row],[Cuaresma]],""",","""",Table1[[#This Row],[Pascua]],""",","""",Table1[[#This Row],[Pentecostés]],""",","""",Table1[[#This Row],[Entrada]],""",","""",Table1[[#This Row],[Virgen]],""",","""",Table1[[#This Row],[Paz]],""",","""",Table1[[#This Row],[Pan]],""",","""",Table1[[#This Row],[Comunión]],""",","""",Table1[[#This Row],[Niños]],""",","""",Table1[[#This Row],[Laudes]],""",","""",Table1[[#This Row],[Nuevo Testamento]],""",","""",Table1[[#This Row],[Antiguo Testamento]],""",","""",Table1[[#This Row],[Final]],"""","], url: ","""",Table1[[#This Row],[URL]],"""","},") -> {id:196,title: "Señor, tú me escrutas y conoces", subtitle: "Sal 139 (138)", category: "Catecumenado", moments: ["","","","","","","","","","","","","","Antiguo Testamento",""], url: "/cantos/src/chtml/s/senortumeescrutasyconoces.html"},
A199: 148 | B199: 197 | C199: Sermón de la montaña | D199: Lucas 6,20-38 | E199: =LOWER(LEFT(Table1[[#This Row],[Canto]],1)) -> s | F199: Precatecumenado | G199: =IFERROR(IF(VLOOKUP(C199,Adviento!A:C,3,FALSE)=Table1[[#Headers],[Adviento]],Table1[[#Headers],[Adviento]],""),"") | H199: =IFERROR(IF(VLOOKUP(C199,Navidad!A:C,3,FALSE)=Table1[[#Headers],[Navidad]],Table1[[#Headers],[Navidad]],""),"") | I199: =IFERROR(IF(VLOOKUP(C199,Cuaresma!A:C,3,FALSE)=Table1[[#Headers],[Cuaresma]],Table1[[#Headers],[Cuaresma]],""),"") | J199: =IFERROR(IF(VLOOKUP(C199,Pascua!A:C,3,FALSE)=Table1[[#Headers],[Pascua]],Table1[[#Headers],[Pascua]],""),"") | K199: =IFERROR(IF(VLOOKUP(C199,Pentecostés!A:C,3,FALSE)=Table1[[#Headers],[Pentecostés]],Table1[[#Headers],[Pentecostés]],""),"") | L199: =IFERROR(IF(VLOOKUP(C199,Entrada!A:C,3,FALSE)=Table1[[#Headers],[Entrada]],Table1[[#Headers],[Entrada]],""),"") | M199: =IFERROR(IF(VLOOKUP(C199,Virgen!A:C,3,FALSE)=Table1[[#Headers],[Virgen]],Table1[[#Headers],[Virgen]],""),"") | N199: =IFERROR(IF(VLOOKUP(C199,Paz!A:C,3,FALSE)=Table1[[#Headers],[Paz]],Table1[[#Headers],[Paz]],""),"") | O199: =IFERROR(IF(VLOOKUP(C199,Pan!A:C,3,FALSE)=Table1[[#Headers],[Pan]],Table1[[#Headers],[Pan]],""),"") | P199: =IFERROR(IF(VLOOKUP(C199,Comunión!A:C,3,FALSE)=Table1[[#Headers],[Comunión]],Table1[[#Headers],[Comunión]],""),"") | Q199: =IFERROR(IF(VLOOKUP(C199,Niños!A:C,3,FALSE)=Table1[[#Headers],[Niños]],Table1[[#Headers],[Niños]],""),"") | R199: =IFERROR(IF(VLOOKUP(C199,Laudes!A:C,3,FALSE)=Table1[[#Headers],[Laudes]],Table1[[#Headers],[Laudes]],""),"") | S199: =IFERROR(IF(VLOOKUP(C199,'Nuevo Testamento'!A:C,3,FALSE)=Table1[[#Headers],[Nuevo Testamento]],Table1[[#Headers],[Nuevo Testamento]],""),"") -> Nuevo Testamento | T199: =IFERROR(IF(VLOOKUP(C199,'Antiguo Testamento'!A:C,3,FALSE)=Table1[[#Headers],[Antiguo Testamento]],Table1[[#Headers],[Antiguo Testamento]],""),"") | U199: =IFERROR(IF(VLOOKUP(C199,Final!A:C,3,FALSE)=Table1[[#Headers],[Final]],Table1[[#Headers],[Final]],""),"") | V199: {=_xlfn.LET( _xlpm.texto_limpio, _xlfn.REDUCE( LOWER(Table1[[#This Row],[Canto]]), {"á";"é";"í";"ó";"ú";"ñ";",";" "}, _xlfn.LAMBDA(_xlpm.acum,_xlpm.caracter, SUBSTITUTE(_xlpm.acum, _xlpm.caracter, CHOOSE(MATCH(_xlpm.caracter, {"á";"é";"í";"ó";"ú";"ñ";",";" "}, 0), "a","e","i","o","u","n","",""))) ), _xlfn.CONCAT("/cantos/src/chtml/", Table1[[#This Row],[iniciar]], "/", _xlpm.texto_limpio, ".html") )} -> /cantos/src/chtml/s/sermondelamontana.html | W199: =_xlfn.CONCAT("{id:",Table1[[#This Row],[Or'#]],",","title: ","""",Table1[[#This Row],[Canto]],"""",", subtitle: ","""",Table1[[#This Row],[subtitle]],"""",", ","category: ","""",Table1[[#This Row],[Categoria]],"""",", moments: [","""",Table1[[#This Row],[Adviento]],""",","""",Table1[[#This Row],[Navidad]],""",","""",Table1[[#This Row],[Cuaresma]],""",","""",Table1[[#This Row],[Pascua]],""",","""",Table1[[#This Row],[Pentecostés]],""",","""",Table1[[#This Row],[Entrada]],""",","""",Table1[[#This Row],[Virgen]],""",","""",Table1[[#This Row],[Paz]],""",","""",Table1[[#This Row],[Pan]],""",","""",Table1[[#This Row],[Comunión]],""",","""",Table1[[#This Row],[Niños]],""",","""",Table1[[#This Row],[Laudes]],""",","""",Table1[[#This Row],[Nuevo Testamento]],""",","""",Table1[[#This Row],[Antiguo Testamento]],""",","""",Table1[[#This Row],[Final]],"""","], url: ","""",Table1[[#This Row],[URL]],"""","},") -> {id:197,title: "Sermón de la montaña", subtitle: "Lucas 6,20-38", category: "Precatecumenado", moments: ["","","","","","","","","","","","","Nuevo Testamento","",""], url: "/cantos/src/chtml/s/sermondelamontana.html"},
A200: 234 | B200: 198 | C200: Shemá Israel | D200: Dt 6,4-9 | E200: =LOWER(LEFT(Table1[[#This Row],[Canto]],1)) -> s | F200: Catecumenado | G200: =IFERROR(IF(VLOOKUP(C200,Adviento!A:C,3,FALSE)=Table1[[#Headers],[Adviento]],Table1[[#Headers],[Adviento]],""),"") | H200: =IFERROR(IF(VLOOKUP(C200,Navidad!A:C,3,FALSE)=Table1[[#Headers],[Navidad]],Table1[[#Headers],[Navidad]],""),"") | I200: =IFERROR(IF(VLOOKUP(C200,Cuaresma!A:C,3,FALSE)=Table1[[#Headers],[Cuaresma]],Table1[[#Headers],[Cuaresma]],""),"") | J200: =IFERROR(IF(VLOOKUP(C200,Pascua!A:C,3,FALSE)=Table1[[#Headers],[Pascua]],Table1[[#Headers],[Pascua]],""),"") | K200: =IFERROR(IF(VLOOKUP(C200,Pentecostés!A:C,3,FALSE)=Table1[[#Headers],[Pentecostés]],Table1[[#Headers],[Pentecostés]],""),"") | L200: =IFERROR(IF(VLOOKUP(C200,Entrada!A:C,3,FALSE)=Table1[[#Headers],[Entrada]],Table1[[#Headers],[Entrada]],""),"") | M200: =IFERROR(IF(VLOOKUP(C200,Virgen!A:C,3,FALSE)=Table1[[#Headers],[Virgen]],Table1[[#Headers],[Virgen]],""),"") | N200: =IFERROR(IF(VLOOKUP(C200,Paz!A:C,3,FALSE)=Table1[[#Headers],[Paz]],Table1[[#Headers],[Paz]],""),"") | O200: =IFERROR(IF(VLOOKUP(C200,Pan!A:C,3,FALSE)=Table1[[#Headers],[Pan]],Table1[[#Headers],[Pan]],""),"") | P200: =IFERROR(IF(VLOOKUP(C200,Comunión!A:C,3,FALSE)=Table1[[#Headers],[Comunión]],Table1[[#Headers],[Comunión]],""),"") | Q200: =IFERROR(IF(VLOOKUP(C200,Niños!A:C,3,FALSE)=Table1[[#Headers],[Niños]],Table1[[#Headers],[Niños]],""),"") | R200: =IFERROR(IF(VLOOKUP(C200,Laudes!A:C,3,FALSE)=Table1[[#Headers],[Laudes]],Table1[[#Headers],[Laudes]],""),"") | S200: =IFERROR(IF(VLOOKUP(C200,'Nuevo Testamento'!A:C,3,FALSE)=Table1[[#Headers],[Nuevo Testamento]],Table1[[#Headers],[Nuevo Testamento]],""),"") | T200: =IFERROR(IF(VLOOKUP(C200,'Antiguo Testamento'!A:C,3,FALSE)=Table1[[#Headers],[Antiguo Testamento]],Table1[[#Headers],[Antiguo Testamento]],""),"") -> Antiguo Testamento | U200: =IFERROR(IF(VLOOKUP(C200,Final!A:C,3,FALSE)=Table1[[#Headers],[Final]],Table1[[#Headers],[Final]],""),"") | V200: {=_xlfn.LET( _xlpm.texto_limpio, _xlfn.REDUCE( LOWER(Table1[[#This Row],[Canto]]), {"á";"é";"í";"ó";"ú";"ñ";",";" "}, _xlfn.LAMBDA(_xlpm.acum,_xlpm.caracter, SUBSTITUTE(_xlpm.acum, _xlpm.caracter, CHOOSE(MATCH(_xlpm.caracter, {"á";"é";"í";"ó";"ú";"ñ";",";" "}, 0), "a","e","i","o","u","n","",""))) ), _xlfn.CONCAT("/cantos/src/chtml/", Table1[[#This Row],[iniciar]], "/", _xlpm.texto_limpio, ".html") )} -> /cantos/src/chtml/s/shemaisrael.html | W200: =_xlfn.CONCAT("{id:",Table1[[#This Row],[Or'#]],",","title: ","""",Table1[[#This Row],[Canto]],"""",", subtitle: ","""",Table1[[#This Row],[subtitle]],"""",", ","category: ","""",Table1[[#This Row],[Categoria]],"""",", moments: [","""",Table1[[#This Row],[Adviento]],""",","""",Table1[[#This Row],[Navidad]],""",","""",Table1[[#This Row],[Cuaresma]],""",","""",Table1[[#This Row],[Pascua]],""",","""",Table1[[#This Row],[Pentecostés]],""",","""",Table1[[#This Row],[Entrada]],""",","""",Table1[[#This Row],[Virgen]],""",","""",Table1[[#This Row],[Paz]],""",","""",Table1[[#This Row],[Pan]],""",","""",Table1[[#This Row],[Comunión]],""",","""",Table1[[#This Row],[Niños]],""",","""",Table1[[#This Row],[Laudes]],""",","""",Table1[[#This Row],[Nuevo Testamento]],""",","""",Table1[[#This Row],[Antiguo Testamento]],""",","""",Table1[[#This Row],[Final]],"""","], url: ","""",Table1[[#This Row],[URL]],"""","},") -> {id:198,title: "Shemá Israel", subtitle: "Dt 6,4-9", category: "Catecumenado", moments: ["","","","","","","","","","","","","","Antiguo Testamento",""], url: "/cantos/src/chtml/s/shemaisrael.html"},
A201: 149 | B201: 199 | C201: Shlom lej Mariam | D201: Ave María en arameo antiguo | E201: =LOWER(LEFT(Table1[[#This Row],[Canto]],1)) -> s | F201: Precatecumenado | G201: =IFERROR(IF(VLOOKUP(C201,Adviento!A:C,3,FALSE)=Table1[[#Headers],[Adviento]],Table1[[#Headers],[Adviento]],""),"") | H201: =IFERROR(IF(VLOOKUP(C201,Navidad!A:C,3,FALSE)=Table1[[#Headers],[Navidad]],Table1[[#Headers],[Navidad]],""),"") | I201: =IFERROR(IF(VLOOKUP(C201,Cuaresma!A:C,3,FALSE)=Table1[[#Headers],[Cuaresma]],Table1[[#Headers],[Cuaresma]],""),"") | J201: =IFERROR(IF(VLOOKUP(C201,Pascua!A:C,3,FALSE)=Table1[[#Headers],[Pascua]],Table1[[#Headers],[Pascua]],""),"") | K201: =IFERROR(IF(VLOOKUP(C201,Pentecostés!A:C,3,FALSE)=Table1[[#Headers],[Pentecostés]],Table1[[#Headers],[Pentecostés]],""),"") | L201: =IFERROR(IF(VLOOKUP(C201,Entrada!A:C,3,FALSE)=Table1[[#Headers],[Entrada]],Table1[[#Headers],[Entrada]],""),"") | M201: =IFERROR(IF(VLOOKUP(C201,Virgen!A:C,3,FALSE)=Table1[[#Headers],[Virgen]],Table1[[#Headers],[Virgen]],""),"") -> Virgen | N201: =IFERROR(IF(VLOOKUP(C201,Paz!A:C,3,FALSE)=Table1[[#Headers],[Paz]],Table1[[#Headers],[Paz]],""),"") | O201: =IFERROR(IF(VLOOKUP(C201,Pan!A:C,3,FALSE)=Table1[[#Headers],[Pan]],Table1[[#Headers],[Pan]],""),"") | P201: =IFERROR(IF(VLOOKUP(C201,Comunión!A:C,3,FALSE)=Table1[[#Headers],[Comunión]],Table1[[#Headers],[Comunión]],""),"") | Q201: =IFERROR(IF(VLOOKUP(C201,Niños!A:C,3,FALSE)=Table1[[#Headers],[Niños]],Table1[[#Headers],[Niños]],""),"") | R201: =IFERROR(IF(VLOOKUP(C201,Laudes!A:C,3,FALSE)=Table1[[#Headers],[Laudes]],Table1[[#Headers],[Laudes]],""),"") | S201: =IFERROR(IF(VLOOKUP(C201,'Nuevo Testamento'!A:C,3,FALSE)=Table1[[#Headers],[Nuevo Testamento]],Table1[[#Headers],[Nuevo Testamento]],""),"") | T201: =IFERROR(IF(VLOOKUP(C201,'Antiguo Testamento'!A:C,3,FALSE)=Table1[[#Headers],[Antiguo Testamento]],Table1[[#Headers],[Antiguo Testamento]],""),"") | U201: =IFERROR(IF(VLOOKUP(C201,Final!A:C,3,FALSE)=Table1[[#Headers],[Final]],Table1[[#Headers],[Final]],""),"") | V201: {=_xlfn.LET( _xlpm.texto_limpio, _xlfn.REDUCE( LOWER(Table1[[#This Row],[Canto]]), {"á";"é";"í";"ó";"ú";"ñ";",";" "}, _xlfn.LAMBDA(_xlpm.acum,_xlpm.caracter, SUBSTITUTE(_xlpm.acum, _xlpm.caracter, CHOOSE(MATCH(_xlpm.caracter, {"á";"é";"í";"ó";"ú";"ñ";",";" "}, 0), "a","e","i","o","u","n","",""))) ), _xlfn.CONCAT("/cantos/src/chtml/", Table1[[#This Row],[iniciar]], "/", _xlpm.texto_limpio, ".html") )} -> /cantos/src/chtml/s/shlomlejmariam.html | W201: =_xlfn.CONCAT("{id:",Table1[[#This Row],[Or'#]],",","title: ","""",Table1[[#This Row],[Canto]],"""",", subtitle: ","""",Table1[[#This Row],[subtitle]],"""",", ","category: ","""",Table1[[#This Row],[Categoria]],"""",", moments: [","""",Table1[[#This Row],[Adviento]],""",","""",Table1[[#This Row],[Navidad]],""",","""",Table1[[#This Row],[Cuaresma]],""",","""",Table1[[#This Row],[Pascua]],""",","""",Table1[[#This Row],[Pentecostés]],""",","""",Table1[[#This Row],[Entrada]],""",","""",Table1[[#This Row],[Virgen]],""",","""",Table1[[#This Row],[Paz]],""",","""",Table1[[#This Row],[Pan]],""",","""",Table1[[#This Row],[Comunión]],""",","""",Table1[[#This Row],[Niños]],""",","""",Table1[[#This Row],[Laudes]],""",","""",Table1[[#This Row],[Nuevo Testamento]],""",","""",Table1[[#This Row],[Antiguo Testamento]],""",","""",Table1[[#This Row],[Final]],"""","], url: ","""",Table1[[#This Row],[URL]],"""","},") -> {id:199,title: "Shlom lej Mariam", subtitle: "Ave María en arameo antiguo", category: "Precatecumenado", moments: ["","","","","","","Virgen","","","","","","","",""], url: "/cantos/src/chtml/s/shlomlejmariam.html"},
A202: 150 | B202: 200 | C202: Si el Señor no construye la casa | D202: Sal 127 (126) | E202: =LOWER(LEFT(Table1[[#This Row],[Canto]],1)) -> s | F202: Precatecumenado | G202: =IFERROR(IF(VLOOKUP(C202,Adviento!A:C,3,FALSE)=Table1[[#Headers],[Adviento]],Table1[[#Headers],[Adviento]],""),"") | H202: =IFERROR(IF(VLOOKUP(C202,Navidad!A:C,3,FALSE)=Table1[[#Headers],[Navidad]],Table1[[#Headers],[Navidad]],""),"") | I202: =IFERROR(IF(VLOOKUP(C202,Cuaresma!A:C,3,FALSE)=Table1[[#Headers],[Cuaresma]],Table1[[#Headers],[Cuaresma]],""),"") | J202: =IFERROR(IF(VLOOKUP(C202,Pascua!A:C,3,FALSE)=Table1[[#Headers],[Pascua]],Table1[[#Headers],[Pascua]],""),"") | K202: =IFERROR(IF(VLOOKUP(C202,Pentecostés!A:C,3,FALSE)=Table1[[#Headers],[Pentecostés]],Table1[[#Headers],[Pentecostés]],""),"") | L202: =IFERROR(IF(VLOOKUP(C202,Entrada!A:C,3,FALSE)=Table1[[#Headers],[Entrada]],Table1[[#Headers],[Entrada]],""),"") -> Entrada | M202: =IFERROR(IF(VLOOKUP(C202,Virgen!A:C,3,FALSE)=Table1[[#Headers],[Virgen]],Table1[[#Headers],[Virgen]],""),"") | N202: =IFERROR(IF(VLOOKUP(C202,Paz!A:C,3,FALSE)=Table1[[#Headers],[Paz]],Table1[[#Headers],[Paz]],""),"") | O202: =IFERROR(IF(VLOOKUP(C202,Pan!A:C,3,FALSE)=Table1[[#Headers],[Pan]],Table1[[#Headers],[Pan]],""),"") | P202: =IFERROR(IF(VLOOKUP(C202,Comunión!A:C,3,FALSE)=Table1[[#Headers],[Comunión]],Table1[[#Headers],[Comunión]],""),"") | Q202: =IFERROR(IF(VLOOKUP(C202,Niños!A:C,3,FALSE)=Table1[[#Headers],[Niños]],Table1[[#Headers],[Niños]],""),"") | R202: =IFERROR(IF(VLOOKUP(C202,Laudes!A:C,3,FALSE)=Table1[[#Headers],[Laudes]],Table1[[#Headers],[Laudes]],""),"") | S202: =IFERROR(IF(VLOOKUP(C202,'Nuevo Testamento'!A:C,3,FALSE)=Table1[[#Headers],[Nuevo Testamento]],Table1[[#Headers],[Nuevo Testamento]],""),"") | T202: =IFERROR(IF(VLOOKUP(C202,'Antiguo Testamento'!A:C,3,FALSE)=Table1[[#Headers],[Antiguo Testamento]],Table1[[#Headers],[Antiguo Testamento]],""),"") -> Antiguo Testamento | U202: =IFERROR(IF(VLOOKUP(C202,Final!A:C,3,FALSE)=Table1[[#Headers],[Final]],Table1[[#Headers],[Final]],""),"") | V202: {=_xlfn.LET( _xlpm.texto_limpio, _xlfn.REDUCE( LOWER(Table1[[#This Row],[Canto]]), {"á";"é";"í";"ó";"ú";"ñ";",";" "}, _xlfn.LAMBDA(_xlpm.acum,_xlpm.caracter, SUBSTITUTE(_xlpm.acum, _xlpm.caracter, CHOOSE(MATCH(_xlpm.caracter, {"á";"é";"í";"ó";"ú";"ñ";",";" "}, 0), "a","e","i","o","u","n","",""))) ), _xlfn.CONCAT("/cantos/src/chtml/", Table1[[#This Row],[iniciar]], "/", _xlpm.texto_limpio, ".html") )} -> /cantos/src/chtml/s/sielsenornoconstruyelacasa.html | W202: =_xlfn.CONCAT("{id:",Table1[[#This Row],[Or'#]],",","title: ","""",Table1[[#This Row],[Canto]],"""",", subtitle: ","""",Table1[[#This Row],[subtitle]],"""",", ","category: ","""",Table1[[#This Row],[Categoria]],"""",", moments: [","""",Table1[[#This Row],[Adviento]],""",","""",Table1[[#This Row],[Navidad]],""",","""",Table1[[#This Row],[Cuaresma]],""",","""",Table1[[#This Row],[Pascua]],""",","""",Table1[[#This Row],[Pentecostés]],""",","""",Table1[[#This Row],[Entrada]],""",","""",Table1[[#This Row],[Virgen]],""",","""",Table1[[#This Row],[Paz]],""",","""",Table1[[#This Row],[Pan]],""",","""",Table1[[#This Row],[Comunión]],""",","""",Table1[[#This Row],[Niños]],""",","""",Table1[[#This Row],[Laudes]],""",","""",Table1[[#This Row],[Nuevo Testamento]],""",","""",Table1[[#This Row],[Antiguo Testamento]],""",","""",Table1[[#This Row],[Final]],"""","], url: ","""",Table1[[#This Row],[URL]],"""","},") -> {id:200,title: "Si el Señor no construye la casa", subtitle: "Sal 127 (126)", category: "Precatecumenado", moments: ["","","","","","Entrada","","","","","","","","Antiguo Testamento",""], url: "/cantos/src/chtml/s/sielsenornoconstruyelacasa.html"},
A203: 151 | B203: 201 | C203: Si habéis resucitado con Cristo | D203: Colosense 3,1-4 | E203: =LOWER(LEFT(Table1[[#This Row],[Canto]],1)) -> s | F203: Precatecumenado | G203: =IFERROR(IF(VLOOKUP(C203,Adviento!A:C,3,FALSE)=Table1[[#Headers],[Adviento]],Table1[[#Headers],[Adviento]],""),"") | H203: =IFERROR(IF(VLOOKUP(C203,Navidad!A:C,3,FALSE)=Table1[[#Headers],[Navidad]],Table1[[#Headers],[Navidad]],""),"") | I203: =IFERROR(IF(VLOOKUP(C203,Cuaresma!A:C,3,FALSE)=Table1[[#Headers],[Cuaresma]],Table1[[#Headers],[Cuaresma]],""),"") | J203: =IFERROR(IF(VLOOKUP(C203,Pascua!A:C,3,FALSE)=Table1[[#Headers],[Pascua]],Table1[[#Headers],[Pascua]],""),"") | K203: =IFERROR(IF(VLOOKUP(C203,Pentecostés!A:C,3,FALSE)=Table1[[#Headers],[Pentecostés]],Table1[[#Headers],[Pentecostés]],""),"") | L203: =IFERROR(IF(VLOOKUP(C203,Entrada!A:C,3,FALSE)=Table1[[#Headers],[Entrada]],Table1[[#Headers],[Entrada]],""),"") | M203: =IFERROR(IF(VLOOKUP(C203,Virgen!A:C,3,FALSE)=Table1[[#Headers],[Virgen]],Table1[[#Headers],[Virgen]],""),"") | N203: =IFERROR(IF(VLOOKUP(C203,Paz!A:C,3,FALSE)=Table1[[#Headers],[Paz]],Table1[[#Headers],[Paz]],""),"") | O203: =IFERROR(IF(VLOOKUP(C203,Pan!A:C,3,FALSE)=Table1[[#Headers],[Pan]],Table1[[#Headers],[Pan]],""),"") | P203: =IFERROR(IF(VLOOKUP(C203,Comunión!A:C,3,FALSE)=Table1[[#Headers],[Comunión]],Table1[[#Headers],[Comunión]],""),"") | Q203: =IFERROR(IF(VLOOKUP(C203,Niños!A:C,3,FALSE)=Table1[[#Headers],[Niños]],Table1[[#Headers],[Niños]],""),"") | R203: =IFERROR(IF(VLOOKUP(C203,Laudes!A:C,3,FALSE)=Table1[[#Headers],[Laudes]],Table1[[#Headers],[Laudes]],""),"") | S203: =IFERROR(IF(VLOOKUP(C203,'Nuevo Testamento'!A:C,3,FALSE)=Table1[[#Headers],[Nuevo Testamento]],Table1[[#Headers],[Nuevo Testamento]],""),"") | T203: =IFERROR(IF(VLOOKUP(C203,'Antiguo Testamento'!A:C,3,FALSE)=Table1[[#Headers],[Antiguo Testamento]],Table1[[#Headers],[Antiguo Testamento]],""),"") | U203: =IFERROR(IF(VLOOKUP(C203,Final!A:C,3,FALSE)=Table1[[#Headers],[Final]],Table1[[#Headers],[Final]],""),"") | V203: {=_xlfn.LET( _xlpm.texto_limpio, _xlfn.REDUCE( LOWER(Table1[[#This Row],[Canto]]), {"á";"é";"í";"ó";"ú";"ñ";",";" "}, _xlfn.LAMBDA(_xlpm.acum,_xlpm.caracter, SUBSTITUTE(_xlpm.acum, _xlpm.caracter, CHOOSE(MATCH(_xlpm.caracter, {"á";"é";"í";"ó";"ú";"ñ";",";" "}, 0), "a","e","i","o","u","n","",""))) ), _xlfn.CONCAT("/cantos/src/chtml/", Table1[[#This Row],[iniciar]], "/", _xlpm.texto_limpio, ".html") )} -> /cantos/src/chtml/s/sihabeisresucitadoconcristo.html | W203: =_xlfn.CONCAT("{id:",Table1[[#This Row],[Or'#]],",","title: ","""",Table1[[#This Row],[Canto]],"""",", subtitle: ","""",Table1[[#This Row],[subtitle]],"""",", ","category: ","""",Table1[[#This Row],[Categoria]],"""",", moments: [","""",Table1[[#This Row],[Adviento]],""",","""",Table1[[#This Row],[Navidad]],""",","""",Table1[[#This Row],[Cuaresma]],""",","""",Table1[[#This Row],[Pascua]],""",","""",Table1[[#This Row],[Pentecostés]],""",","""",Table1[[#This Row],[Entrada]],""",","""",Table1[[#This Row],[Virgen]],""",","""",Table1[[#This Row],[Paz]],""",","""",Table1[[#This Row],[Pan]],""",","""",Table1[[#This Row],[Comunión]],""",","""",Table1[[#This Row],[Niños]],""",","""",Table1[[#This Row],[Laudes]],""",","""",Table1[[#This Row],[Nuevo Testamento]],""",","""",Table1[[#This Row],[Antiguo Testamento]],""",","""",Table1[[#This Row],[Final]],"""","], url: ","""",Table1[[#This Row],[URL]],"""","},") -> {id:201,title: "Si habéis resucitado con Cristo", subtitle: "Colosense 3,1-4", category: "Precatecumenado", moments: ["","","","","","","","","","","","","","",""], url: "/cantos/src/chtml/s/sihabeisresucitadoconcristo.html"},
A204: 152 | B204: 202 | C204: Si hoy escucháis su voz | D204: Sal 95 (94) | E204: =LOWER(LEFT(Table1[[#This Row],[Canto]],1)) -> s | F204: Precatecumenado | G204: =IFERROR(IF(VLOOKUP(C204,Adviento!A:C,3,FALSE)=Table1[[#Headers],[Adviento]],Table1[[#Headers],[Adviento]],""),"") | H204: =IFERROR(IF(VLOOKUP(C204,Navidad!A:C,3,FALSE)=Table1[[#Headers],[Navidad]],Table1[[#Headers],[Navidad]],""),"") | I204: =IFERROR(IF(VLOOKUP(C204,Cuaresma!A:C,3,FALSE)=Table1[[#Headers],[Cuaresma]],Table1[[#Headers],[Cuaresma]],""),"") | J204: =IFERROR(IF(VLOOKUP(C204,Pascua!A:C,3,FALSE)=Table1[[#Headers],[Pascua]],Table1[[#Headers],[Pascua]],""),"") | K204: =IFERROR(IF(VLOOKUP(C204,Pentecostés!A:C,3,FALSE)=Table1[[#Headers],[Pentecostés]],Table1[[#Headers],[Pentecostés]],""),"") | L204: =IFERROR(IF(VLOOKUP(C204,Entrada!A:C,3,FALSE)=Table1[[#Headers],[Entrada]],Table1[[#Headers],[Entrada]],""),"") | M204: =IFERROR(IF(VLOOKUP(C204,Virgen!A:C,3,FALSE)=Table1[[#Headers],[Virgen]],Table1[[#Headers],[Virgen]],""),"") | N204: =IFERROR(IF(VLOOKUP(C204,Paz!A:C,3,FALSE)=Table1[[#Headers],[Paz]],Table1[[#Headers],[Paz]],""),"") | O204: =IFERROR(IF(VLOOKUP(C204,Pan!A:C,3,FALSE)=Table1[[#Headers],[Pan]],Table1[[#Headers],[Pan]],""),"") | P204: =IFERROR(IF(VLOOKUP(C204,Comunión!A:C,3,FALSE)=Table1[[#Headers],[Comunión]],Table1[[#Headers],[Comunión]],""),"") | Q204: =IFERROR(IF(VLOOKUP(C204,Niños!A:C,3,FALSE)=Table1[[#Headers],[Niños]],Table1[[#Headers],[Niños]],""),"") | R204: =IFERROR(IF(VLOOKUP(C204,Laudes!A:C,3,FALSE)=Table1[[#Headers],[Laudes]],Table1[[#Headers],[Laudes]],""),"") | S204: =IFERROR(IF(VLOOKUP(C204,'Nuevo Testamento'!A:C,3,FALSE)=Table1[[#Headers],[Nuevo Testamento]],Table1[[#Headers],[Nuevo Testamento]],""),"") | T204: =IFERROR(IF(VLOOKUP(C204,'Antiguo Testamento'!A:C,3,FALSE)=Table1[[#Headers],[Antiguo Testamento]],Table1[[#Headers],[Antiguo Testamento]],""),"") -> Antiguo Testamento | U204: =IFERROR(IF(VLOOKUP(C204,Final!A:C,3,FALSE)=Table1[[#Headers],[Final]],Table1[[#Headers],[Final]],""),"") | V204: {=_xlfn.LET( _xlpm.texto_limpio, _xlfn.REDUCE( LOWER(Table1[[#This Row],[Canto]]), {"á";"é";"í";"ó";"ú";"ñ";",";" "}, _xlfn.LAMBDA(_xlpm.acum,_xlpm.caracter, SUBSTITUTE(_xlpm.acum, _xlpm.caracter, CHOOSE(MATCH(_xlpm.caracter, {"á";"é";"í";"ó";"ú";"ñ";",";" "}, 0), "a","e","i","o","u","n","",""))) ), _xlfn.CONCAT("/cantos/src/chtml/", Table1[[#This Row],[iniciar]], "/", _xlpm.texto_limpio, ".html") )} -> /cantos/src/chtml/s/sihoyescuchaissuvoz.html | W204: =_xlfn.CONCAT("{id:",Table1[[#This Row],[Or'#]],",","title: ","""",Table1[[#This Row],[Canto]],"""",", subtitle: ","""",Table1[[#This Row],[subtitle]],"""",", ","category: ","""",Table1[[#This Row],[Categoria]],"""",", moments: [","""",Table1[[#This Row],[Adviento]],""",","""",Table1[[#This Row],[Navidad]],""",","""",Table1[[#This Row],[Cuaresma]],""",","""",Table1[[#This Row],[Pascua]],""",","""",Table1[[#This Row],[Pentecostés]],""",","""",Table1[[#This Row],[Entrada]],""",","""",Table1[[#This Row],[Virgen]],""",","""",Table1[[#This Row],[Paz]],""",","""",Table1[[#This Row],[Pan]],""",","""",Table1[[#This Row],[Comunión]],""",","""",Table1[[#This Row],[Niños]],""",","""",Table1[[#This Row],[Laudes]],""",","""",Table1[[#This Row],[Nuevo Testamento]],""",","""",Table1[[#This Row],[Antiguo Testamento]],""",","""",Table1[[#This Row],[Final]],"""","], url: ","""",Table1[[#This Row],[URL]],"""","},") -> {id:202,title: "Si hoy escucháis su voz", subtitle: "Sal 95 (94)", category: "Precatecumenado", moments: ["","","","","","","","","","","","","","Antiguo Testamento",""], url: "/cantos/src/chtml/s/sihoyescuchaissuvoz.html"},
A205: 153 | B205: 203 | C205: Si me he refugiado en el Señor | D205: Sal 11(10) | E205: =LOWER(LEFT(Table1[[#This Row],[Canto]],1)) -> s | F205: Precatecumenado | G205: =IFERROR(IF(VLOOKUP(C205,Adviento!A:C,3,FALSE)=Table1[[#Headers],[Adviento]],Table1[[#Headers],[Adviento]],""),"") | H205: =IFERROR(IF(VLOOKUP(C205,Navidad!A:C,3,FALSE)=Table1[[#Headers],[Navidad]],Table1[[#Headers],[Navidad]],""),"") | I205: =IFERROR(IF(VLOOKUP(C205,Cuaresma!A:C,3,FALSE)=Table1[[#Headers],[Cuaresma]],Table1[[#Headers],[Cuaresma]],""),"") -> Cuaresma | J205: =IFERROR(IF(VLOOKUP(C205,Pascua!A:C,3,FALSE)=Table1[[#Headers],[Pascua]],Table1[[#Headers],[Pascua]],""),"") | K205: =IFERROR(IF(VLOOKUP(C205,Pentecostés!A:C,3,FALSE)=Table1[[#Headers],[Pentecostés]],Table1[[#Headers],[Pentecostés]],""),"") | L205: =IFERROR(IF(VLOOKUP(C205,Entrada!A:C,3,FALSE)=Table1[[#Headers],[Entrada]],Table1[[#Headers],[Entrada]],""),"") | M205: =IFERROR(IF(VLOOKUP(C205,Virgen!A:C,3,FALSE)=Table1[[#Headers],[Virgen]],Table1[[#Headers],[Virgen]],""),"") | N205: =IFERROR(IF(VLOOKUP(C205,Paz!A:C,3,FALSE)=Table1[[#Headers],[Paz]],Table1[[#Headers],[Paz]],""),"") | O205: =IFERROR(IF(VLOOKUP(C205,Pan!A:C,3,FALSE)=Table1[[#Headers],[Pan]],Table1[[#Headers],[Pan]],""),"") | P205: =IFERROR(IF(VLOOKUP(C205,Comunión!A:C,3,FALSE)=Table1[[#Headers],[Comunión]],Table1[[#Headers],[Comunión]],""),"") | Q205: =IFERROR(IF(VLOOKUP(C205,Niños!A:C,3,FALSE)=Table1[[#Headers],[Niños]],Table1[[#Headers],[Niños]],""),"") | R205: =IFERROR(IF(VLOOKUP(C205,Laudes!A:C,3,FALSE)=Table1[[#Headers],[Laudes]],Table1[[#Headers],[Laudes]],""),"") | S205: =IFERROR(IF(VLOOKUP(C205,'Nuevo Testamento'!A:C,3,FALSE)=Table1[[#Headers],[Nuevo Testamento]],Table1[[#Headers],[Nuevo Testamento]],""),"") | T205: =IFERROR(IF(VLOOKUP(C205,'Antiguo Testamento'!A:C,3,FALSE)=Table1[[#Headers],[Antiguo Testamento]],Table1[[#Headers],[Antiguo Testamento]],""),"") -> Antiguo Testamento | U205: =IFERROR(IF(VLOOKUP(C205,Final!A:C,3,FALSE)=Table1[[#Headers],[Final]],Table1[[#Headers],[Final]],""),"") | V205: {=_xlfn.LET( _xlpm.texto_limpio, _xlfn.REDUCE( LOWER(Table1[[#This Row],[Canto]]), {"á";"é";"í";"ó";"ú";"ñ";",";" "}, _xlfn.LAMBDA(_xlpm.acum,_xlpm.caracter, SUBSTITUTE(_xlpm.acum, _xlpm.caracter, CHOOSE(MATCH(_xlpm.caracter, {"á";"é";"í";"ó";"ú";"ñ";",";" "}, 0), "a","e","i","o","u","n","",""))) ), _xlfn.CONCAT("/cantos/src/chtml/", Table1[[#This Row],[iniciar]], "/", _xlpm.texto_limpio, ".html") )} -> /cantos/src/chtml/s/simeherefugiadoenelsenor.html | W205: =_xlfn.CONCAT("{id:",Table1[[#This Row],[Or'#]],",","title: ","""",Table1[[#This Row],[Canto]],"""",", subtitle: ","""",Table1[[#This Row],[subtitle]],"""",", ","category: ","""",Table1[[#This Row],[Categoria]],"""",", moments: [","""",Table1[[#This Row],[Adviento]],""",","""",Table1[[#This Row],[Navidad]],""",","""",Table1[[#This Row],[Cuaresma]],""",","""",Table1[[#This Row],[Pascua]],""",","""",Table1[[#This Row],[Pentecostés]],""",","""",Table1[[#This Row],[Entrada]],""",","""",Table1[[#This Row],[Virgen]],""",","""",Table1[[#This Row],[Paz]],""",","""",Table1[[#This Row],[Pan]],""",","""",Table1[[#This Row],[Comunión]],""",","""",Table1[[#This Row],[Niños]],""",","""",Table1[[#This Row],[Laudes]],""",","""",Table1[[#This Row],[Nuevo Testamento]],""",","""",Table1[[#This Row],[Antiguo Testamento]],""",","""",Table1[[#This Row],[Final]],"""","], url: ","""",Table1[[#This Row],[URL]],"""","},") -> {id:203,title: "Si me he refugiado en el Señor", subtitle: "Sal 11(10)", category: "Precatecumenado", moments: ["","","Cuaresma","","","","","","","","","","","Antiguo Testamento",""], url: "/cantos/src/chtml/s/simeherefugiadoenelsenor.html"},
A206: 235 | B206: 204 | C206: Siéntate solitario y silencioso | D206: Lamentaciones 3 | E206: =LOWER(LEFT(Table1[[#This Row],[Canto]],1)) -> s | F206: Catecumenado | G206: =IFERROR(IF(VLOOKUP(C206,Adviento!A:C,3,FALSE)=Table1[[#Headers],[Adviento]],Table1[[#Headers],[Adviento]],""),"") | H206: =IFERROR(IF(VLOOKUP(C206,Navidad!A:C,3,FALSE)=Table1[[#Headers],[Navidad]],Table1[[#Headers],[Navidad]],""),"") | I206: =IFERROR(IF(VLOOKUP(C206,Cuaresma!A:C,3,FALSE)=Table1[[#Headers],[Cuaresma]],Table1[[#Headers],[Cuaresma]],""),"") -> Cuaresma | J206: =IFERROR(IF(VLOOKUP(C206,Pascua!A:C,3,FALSE)=Table1[[#Headers],[Pascua]],Table1[[#Headers],[Pascua]],""),"") | K206: =IFERROR(IF(VLOOKUP(C206,Pentecostés!A:C,3,FALSE)=Table1[[#Headers],[Pentecostés]],Table1[[#Headers],[Pentecostés]],""),"") | L206: =IFERROR(IF(VLOOKUP(C206,Entrada!A:C,3,FALSE)=Table1[[#Headers],[Entrada]],Table1[[#Headers],[Entrada]],""),"") | M206: =IFERROR(IF(VLOOKUP(C206,Virgen!A:C,3,FALSE)=Table1[[#Headers],[Virgen]],Table1[[#Headers],[Virgen]],""),"") | N206: =IFERROR(IF(VLOOKUP(C206,Paz!A:C,3,FALSE)=Table1[[#Headers],[Paz]],Table1[[#Headers],[Paz]],""),"") | O206: =IFERROR(IF(VLOOKUP(C206,Pan!A:C,3,FALSE)=Table1[[#Headers],[Pan]],Table1[[#Headers],[Pan]],""),"") | P206: =IFERROR(IF(VLOOKUP(C206,Comunión!A:C,3,FALSE)=Table1[[#Headers],[Comunión]],Table1[[#Headers],[Comunión]],""),"") | Q206: =IFERROR(IF(VLOOKUP(C206,Niños!A:C,3,FALSE)=Table1[[#Headers],[Niños]],Table1[[#Headers],[Niños]],""),"") | R206: =IFERROR(IF(VLOOKUP(C206,Laudes!A:C,3,FALSE)=Table1[[#Headers],[Laudes]],Table1[[#Headers],[Laudes]],""),"") | S206: =IFERROR(IF(VLOOKUP(C206,'Nuevo Testamento'!A:C,3,FALSE)=Table1[[#Headers],[Nuevo Testamento]],Table1[[#Headers],[Nuevo Testamento]],""),"") | T206: =IFERROR(IF(VLOOKUP(C206,'Antiguo Testamento'!A:C,3,FALSE)=Table1[[#Headers],[Antiguo Testamento]],Table1[[#Headers],[Antiguo Testamento]],""),"") -> Antiguo Testamento | U206: =IFERROR(IF(VLOOKUP(C206,Final!A:C,3,FALSE)=Table1[[#Headers],[Final]],Table1[[#Headers],[Final]],""),"") | V206: {=_xlfn.LET( _xlpm.texto_limpio, _xlfn.REDUCE( LOWER(Table1[[#This Row],[Canto]]), {"á";"é";"í";"ó";"ú";"ñ";",";" "}, _xlfn.LAMBDA(_xlpm.acum,_xlpm.caracter, SUBSTITUTE(_xlpm.acum, _xlpm.caracter, CHOOSE(MATCH(_xlpm.caracter, {"á";"é";"í";"ó";"ú";"ñ";",";" "}, 0), "a","e","i","o","u","n","",""))) ), _xlfn.CONCAT("/cantos/src/chtml/", Table1[[#This Row],[iniciar]], "/", _xlpm.texto_limpio, ".html") )} -> /cantos/src/chtml/s/sientatesolitarioysilencioso.html | W206: =_xlfn.CONCAT("{id:",Table1[[#This Row],[Or'#]],",","title: ","""",Table1[[#This Row],[Canto]],"""",", subtitle: ","""",Table1[[#This Row],[subtitle]],"""",", ","category: ","""",Table1[[#This Row],[Categoria]],"""",", moments: [","""",Table1[[#This Row],[Adviento]],""",","""",Table1[[#This Row],[Navidad]],""",","""",Table1[[#This Row],[Cuaresma]],""",","""",Table1[[#This Row],[Pascua]],""",","""",Table1[[#This Row],[Pentecostés]],""",","""",Table1[[#This Row],[Entrada]],""",","""",Table1[[#This Row],[Virgen]],""",","""",Table1[[#This Row],[Paz]],""",","""",Table1[[#This Row],[Pan]],""",","""",Table1[[#This Row],[Comunión]],""",","""",Table1[[#This Row],[Niños]],""",","""",Table1[[#This Row],[Laudes]],""",","""",Table1[[#This Row],[Nuevo Testamento]],""",","""",Table1[[#This Row],[Antiguo Testamento]],""",","""",Table1[[#This Row],[Final]],"""","], url: ","""",Table1[[#This Row],[URL]],"""","},") -> {id:204,title: "Siéntate solitario y silencioso", subtitle: "Lamentaciones 3", category: "Catecumenado", moments: ["","","Cuaresma","","","","","","","","","","","Antiguo Testamento",""], url: "/cantos/src/chtml/s/sientatesolitarioysilencioso.html"},
... A236: 247 | B236: 234 | C236: Libro de Canto en PDF | D236: Libro de Canto del Camino Neo Catecumenal | E236: =LOWER(LEFT(Table1[[#This Row],[Canto]],1)) -> l | F236: Catecumenado | G236: =IFERROR(IF(VLOOKUP(C236,Adviento!A:C,3,FALSE)=Table1[[#Headers],[Adviento]],Table1[[#Headers],[Adviento]],""),"") | H236: =IFERROR(IF(VLOOKUP(C236,Navidad!A:C,3,FALSE)=Table1[[#Headers],[Navidad]],Table1[[#Headers],[Navidad]],""),"") | I236: =IFERROR(IF(VLOOKUP(C236,Cuaresma!A:C,3,FALSE)=Table1[[#Headers],[Cuaresma]],Table1[[#Headers],[Cuaresma]],""),"") | J236: =IFERROR(IF(VLOOKUP(C236,Pascua!A:C,3,FALSE)=Table1[[#Headers],[Pascua]],Table1[[#Headers],[Pascua]],""),"") | K236: =IFERROR(IF(VLOOKUP(C236,Pentecostés!A:C,3,FALSE)=Table1[[#Headers],[Pentecostés]],Table1[[#Headers],[Pentecostés]],""),"") | L236: =IFERROR(IF(VLOOKUP(C236,Entrada!A:C,3,FALSE)=Table1[[#Headers],[Entrada]],Table1[[#Headers],[Entrada]],""),"") | M236: =IFERROR(IF(VLOOKUP(C236,Virgen!A:C,3,FALSE)=Table1[[#Headers],[Virgen]],Table1[[#Headers],[Virgen]],""),"") | N236: =IFERROR(IF(VLOOKUP(C236,Paz!A:C,3,FALSE)=Table1[[#Headers],[Paz]],Table1[[#Headers],[Paz]],""),"") | O236: =IFERROR(IF(VLOOKUP(C236,Pan!A:C,3,FALSE)=Table1[[#Headers],[Pan]],Table1[[#Headers],[Pan]],""),"") | P236: =IFERROR(IF(VLOOKUP(C236,Comunión!A:C,3,FALSE)=Table1[[#Headers],[Comunión]],Table1[[#Headers],[Comunión]],""),"") | Q236: =IFERROR(IF(VLOOKUP(C236,Niños!A:C,3,FALSE)=Table1[[#Headers],[Niños]],Table1[[#Headers],[Niños]],""),"") | R236: =IFERROR(IF(VLOOKUP(C236,Laudes!A:C,3,FALSE)=Table1[[#Headers],[Laudes]],Table1[[#Headers],[Laudes]],""),"") | S236: =IFERROR(IF(VLOOKUP(C236,'Nuevo Testamento'!A:C,3,FALSE)=Table1[[#Headers],[Nuevo Testamento]],Table1[[#Headers],[Nuevo Testamento]],""),"") | T236: =IFERROR(IF(VLOOKUP(C236,'Antiguo Testamento'!A:C,3,FALSE)=Table1[[#Headers],[Antiguo Testamento]],Table1[[#Headers],[Antiguo Testamento]],""),"") | U236: =IFERROR(IF(VLOOKUP(C236,Final!A:C,3,FALSE)=Table1[[#Headers],[Final]],Table1[[#Headers],[Final]],""),"") | V236: {=_xlfn.LET( _xlpm.texto_limpio, _xlfn.REDUCE( LOWER(Table1[[#This Row],[Canto]]), {"á";"é";"í";"ó";"ú";"ñ";",";" "}, _xlfn.LAMBDA(_xlpm.acum,_xlpm.caracter, SUBSTITUTE(_xlpm.acum, _xlpm.caracter, CHOOSE(MATCH(_xlpm.caracter, {"á";"é";"í";"ó";"ú";"ñ";",";" "}, 0), "a","e","i","o","u","n","",""))) ), _xlfn.CONCAT("/cantos/src/chtml/", Table1[[#This Row],[iniciar]], "/", _xlpm.texto_limpio, ".html") )} -> /cantos/src/chtml/l/librodecantoenpdf.html | W236: =_xlfn.CONCAT("{id:",Table1[[#This Row],[Or'#]],",","title: ","""",Table1[[#This Row],[Canto]],"""",", subtitle: ","""",Table1[[#This Row],[subtitle]],"""",", ","category: ","""",Table1[[#This Row],[Categoria]],"""",", moments: [","""",Table1[[#This Row],[Adviento]],""",","""",Table1[[#This Row],[Navidad]],""",","""",Table1[[#This Row],[Cuaresma]],""",","""",Table1[[#This Row],[Pascua]],""",","""",Table1[[#This Row],[Pentecostés]],""",","""",Table1[[#This Row],[Entrada]],""",","""",Table1[[#This Row],[Virgen]],""",","""",Table1[[#This Row],[Paz]],""",","""",Table1[[#This Row],[Pan]],""",","""",Table1[[#This Row],[Comunión]],""",","""",Table1[[#This Row],[Niños]],""",","""",Table1[[#This Row],[Laudes]],""",","""",Table1[[#This Row],[Nuevo Testamento]],""",","""",Table1[[#This Row],[Antiguo Testamento]],""",","""",Table1[[#This Row],[Final]],"""","], url: ","""",Table1[[#This Row],[URL]],"""","},") -> {id:234,title: "Libro de Canto en PDF", subtitle: "Libro de Canto del Camino Neo Catecumenal", category: "Catecumenado", moments: ["","","","","","","","","","","","","","",""], url: "/cantos/src/chtml/l/librodecantoenpdf.html"},

Sheet Sheet1
A1: A la cena del cordero | B1: A la cena del Cordero | C1: =B1=A1 -> TRUE | D1: A la cena del Cordero | E1: 237
A2: A la víctima pascual | B2: A la víctima pascual | C2: =B2=A2 -> TRUE | D2: A la víctima pascual | E2: 1
A3: A nadie demos ocasión de tropiezo | B3: A nadie demos ocasión de tropiezo | C3: =B3=A3 -> TRUE | D3: A nadie demos ocasión de tropiezo | E3: 2
A4: A ti levanto mis ojos | B4: A ti levanto mis ojos | C4: =B4=A4 -> TRUE | D4: A ti levanto mis ojos | E4: 3
A5: A ti, Señor, en mi clamor imploro | B5: A ti, Señor, en mi clamor imploro | C5: =B5=A5 -> TRUE | D5: A ti, Señor, en mi clamor imploro | E5: 4
A6: A ti, Señor, levanto mi alma | B6: A ti, Señor, levanto mi alma | C6: =B6=A6 -> TRUE | D6: A ti, Señor, levanto mi alma | E6: 5
A7: A ti, Señor, se debe la alabanza en Sión | B7: A ti, Señor, se debe la alabanza en Sión | C7: =B7=A7 -> TRUE | D7: A ti, Señor, se debe la alabanza en Sión | E7: 6
A8: Abbá, Padre | B8: Abbá, Padre | C8: =B8=A8 -> TRUE | D8: Abbá, Padre | E8: 7
A9: Abraham | B9: Abraham | C9: =B9=A9 -> TRUE | D9: Abraham | E9: 8
A10: Nuevo | B10: Aclamaciones a la oración de los fieles | C10: =B10=A10 -> FALSE | D10: Aclamaciones a la oración de los fieles | E10: 179
A11: Aclamad al Señor | B11: Aclamad al Señor | C11: =B11=A11 -> TRUE | D11: Aclamad al Señor | E11: 9
A12: Adónde te escondiste, Amado | B12: Adónde te escondiste, Amado | C12: =B12=A12 -> TRUE | D12: Adónde te escondiste, Amado | E12: 238
... A231: Zaqueo | B231: Zaqueo | C231: =B231=A231 -> TRUE | D231: Zaqueo | E231: 178
A232: Prountuario de Acordes | B232: Prountuario de Acordes | D232: Prountuario de Acordes
A233: Libro de Canto en PDF | B233: Libro de Canto en PDF | D233: Libro de Canto en PDF
A239: Prountuario de Acordes
A240: Libro de Canto en PDF

Sheet Filtros
A2: ADVIENTO - NAVIDAD
A3: Cuando el Señor | B3: 43 | C3: Adviento | D3: Navidad
A4: Alegría, ha nacido el Salvador | B4: 12 | C4: Adviento | D4: Navidad
A5: Bendito sea Dios | B5: 29 | C5: Adviento | D5: Navidad
A6: De Profundis | B6: 47 | C6: Adviento | D6: Navidad
A7: Decidle a los de corazón cansado | B7: 48 | C7: Adviento | D7: Navidad
A8: Consolad a mi pueblo | B8: 41 | C8: Adviento | D8: Navidad
A9: Decidle a los de corazón cansado | B9: 48 | C9: Adviento | D9: Navidad
A10: Elí, Elí, lamá sabactaní | B10: 63 | C10: Adviento | D10: Navidad
A11: Extiendo mis manos | B11: 74 | C11: Adviento | D11: Navidad
A12: El pueblo que caminaba en las tinieblas | B12: 59 | C12: Adviento | D12: Navidad
A13: Escuchad, islas lejanas | B13: 70 | C13: Adviento | D13: Navidad
A14: He aquí que vengo presto | B14: 82 | C14: Adviento | D14: Navidad
... A31: Ya viene mi Dios | B31: 174 | C31: Adviento | D31: Navidad
A34: CUARESMA
A35: *****************************************
A36: A ti levanto mis ojos | B36: 3 | C36: Cuaresma
A37: A ti, Señor, en mi clamor imploro | B37: 4 | C37: Cuaresma
A38: A ti, Señor, levanto mi alma | B38: 5 | C38: Cuaresma
A39: Quién nos separará | B39: 139 | C39: Cuaresma
A40: Quiero cantar | B40: 141 | C40: Cuaresma
A41: Señor, ayúdame a no dudar de ti | B41: 146 | C41: Cuaresma
A42: A ti, Señor, se debe la alabanza en Sión | B42: 6 | C42: Cuaresma
A43: Al despertar | B43: 10 | C43: Cuaresma
A44: Amo al Señor | B44: 18 | C44: Cuaresma
A45: Así habla el amén | B45: 20 | C45: Cuaresma
A46: Babilonia criminal | B46: 23 | C46: Cuaresma
A47: Bendeciré al Señor en todo tiempo | B47: 25 | C47: Cuaresma
... A89: Zaqueo | B89: 178 | C89: Cuaresma
A91: PASCUA - PENTECOSTÉS
A92: ****************************************************************
A93: Abbá, Padre | B93: 7 | C93: Pascua | D93: Pentecostés
A94: A la cena del Cordero | B94: 237 | C94: Pascua | D94: Pentecostés
A95: A la víctima pascual | B95: 1 | C95: Pascua | D95: Pentecostés
A96: Aleluya, bendecid al Señor | B96: 14 | C96: Pascua | D96: Pentecostés
A97: Aleluya, ya llegó el Reino | B97: 15 | C97: Pascua | D97: Pentecostés
A98: Aquedah | B98: 19 | C98: Pascua | D98: Pentecostés
A99: Canto de Moisés | B99: 34 | C99: Pascua | D99: Pentecostés
A100: Como oveja que ve | B100: 40 | C100: Pascua | D100: Pentecostés
A101: Cristo es la luz | B101: 42 | C101: Pascua | D101: Pentecostés
A102: Cuando Israel salió de Egipto | B102: 44 | C102: Pascua | D102: Pentecostés
A103: Dayenú | B103: 45 | C103: Pascua | D103: Pentecostés
A104: Dice el Señor a mi Señor | B104: 51 | C104: Pascua | D104: Pentecostés
... A147: Veni creator | B147: 169 | C147: Pascua | D147: Pentecostés
A149: CANTOS A LA VIRGEN
A150: ****************************************************************
A151: Ave María l | B151: 21 | C151: Virgen
A152: Ave María 11 (1984} | B152: 22 | C152: Virgen
A153: Bendita eres tú, María | B153: 27 | C153: Virgen
A154: Como oveja que ve | B154: 40 | C154: Virgen
A155: Débora | B155: 223 | C155: Virgen
A156: La cordera de Dios | B156: 96 | C156: Virgen
A157: La espada | B157: 97 | C157: Virgen
A158: La Salve | B158: 99 | C158: Virgen
A159: Magníficat | B159: 108 | C159: Virgen
A160: María, casa de bendición | B160: 109 | C160: Virgen
A161: María de Jasna Góra | B161: 110 | C161: Virgen
A162: María, madre de la Iglesia | B162: 111 | C162: Virgen
... A173: Virgen de la maravilla | B173: 171 | C173: Virgen
A175: CANTOS PARA LOS NIÑOS
A176: ****************************************************************
A177: Alegría, ha nacido el Salvador | B177: 12 | C177: Niños
A178: Aleluya, bendecid al Señor | B178: 14 | C178: Niños
A179: Por qué esta noche es diferente | B179: 133 | C179: Niños
A180: Se encontraron dos ángeles | B180: 145 | C180: Niños
A181: Urí, urí, urá | B181: 164 | C181: Niños
A182: Vamos ya, pastores | B182: 165 | C182: Niños
A183: Ya viene mi Dios | B183: 174 | C183: Niños
A185: CANTOS DE ENTRADA
A186: ****************************************************************
A187: Abbá, Padre | B187: 7 | C187: Entrada
A188: Abraham | B188: 8 | C188: Entrada
A189: Aclamad al Señor | B189: 9 | C189: Entrada
A190: Alzaos puertas | B190: 16 | C190: Entrada
A191: Amén, amén, amén | B191: 17 | C191: Entrada
A192: Bendita eres tú, María | B192: 27 | C192: Entrada
A193: Cantad al Señor | B193: 32 | C193: Entrada
A194: Consolad a mi pueblo | B194: 41 | C194: Entrada
A195: Cuando el Señor | B195: 43 | C195: Entrada
A196: Decidle a los de corazón cansado | B196: 48 | C196: Entrada
A197: El combate escatológico | B197: 53 | C197: Entrada
A198: El Espíritu del Señor está sobre mí | B198: 54 | C198: Entrada
... A216: Zaqueo | B216: 178 | C216: Entrada
A220: PAZ- PRESENTACIÓN DE LAS OFRENDAS
A221: ****************************************************************
A222: Aleluya, bendecid al Señor | B222: 14 | C222: Paz
A223: Balaam | B223: 24 | C223: Paz
A224: Cómo es maravilloso | B224: 38 | C224: Paz
A225: Consolad a mi pueblo | B225: 41 | C225: Paz
A226: Dayenú | B226: 45 | C226: Paz
A227: Evenu shalom alejem | B227: 73 | C227: Paz
A228: Gracias a Yahveh | B228: 77 | C228: Paz
A229: Jerusalén reconstruida | B229: 94 | C229: Paz
A230: Mirad qué estupendo | B230: 116 | C230: Paz
A231: Por el amor de mis amigos | B231: 132 | C231: Paz
A232: Qué estupendo, qué alegría | B232: 137 | C232: Paz
A233: Se encontraron dos ángeles | B233: 145 | C233: Paz
A234: Sube Dios entre aclamaciones | B234: 157 | C234: Paz
A236: FRACCIÓN DEL PAN
A237: ****************************************************************
...

Sheet Filtros (2)
A3: Cuando el Señor | B3: 43 | C3: Adviento | D3: Navidad
A4: Alegría, ha nacido el Salvador | B4: 12 | C4: Adviento | D4: Navidad
A5: Bendito sea Dios | B5: 29 | C5: Adviento | D5: Navidad
A6: De Profundis | B6: 47 | C6: Adviento | D6: Navidad
A7: Decidle a los de corazón cansado | B7: 48 | C7: Adviento | D7: Navidad
A8: Consolad a mi pueblo | B8: 41 | C8: Adviento | D8: Navidad
A9: Decidle a los de corazón cansado | B9: 48 | C9: Adviento | D9: Navidad
A10: Elí, Elí, lamá sabactaní | B10: 63 | C10: Adviento | D10: Navidad
A11: Extiendo mis manos | B11: 74 | C11: Adviento | D11: Navidad
A12: El pueblo que caminaba en las tinieblas | B12: 59 | C12: Adviento | D12: Navidad
A13: Escuchad, islas lejanas | B13: 70 | C13: Adviento | D13: Navidad
A14: He aquí que vengo presto | B14: 82 | C14: Adviento | D14: Navidad
... A31: Ya viene mi Dios | B31: 174 | C31: Adviento | D31: Navidad
A32: A ti levanto mis ojos | B32: 3 | C32: Cuaresma
A33: A ti, Señor, en mi clamor imploro | B33: 4 | C33: Cuaresma
A34: A ti, Señor, levanto mi alma | B34: 5 | C34: Cuaresma
A35: Quién nos separará | B35: 139 | C35: Cuaresma
A36: Quiero cantar | B36: 141 | C36: Cuaresma
A37: Señor, ayúdame a no dudar de ti | B37: 146 | C37: Cuaresma
A38: A ti, Señor, se debe la alabanza en Sión | B38: 6 | C38: Cuaresma
A39: Al despertar | B39: 10 | C39: Cuaresma
A40: Amo al Señor | B40: 18 | C40: Cuaresma
A41: Así habla el amén | B41: 20 | C41: Cuaresma
A42: Babilonia criminal | B42: 23 | C42: Cuaresma
A43: Bendeciré al Señor en todo tiempo | B43: 25 | C43: Cuaresma
... A85: Zaqueo | B85: 178 | C85: Cuaresma
A86: Abbá, Padre | B86: 7 | C86: Pascua | D86: Pentecostés
A87: A la cena del Cordero | B87: 237 | C87: Pascua | D87: Pentecostés
A88: A la víctima pascual | B88: 1 | C88: Pascua | D88: Pentecostés
A89: Aleluya, bendecid al Señor | B89: 14 | C89: Pascua | D89: Pentecostés
A90: Aleluya, ya llegó el Reino | B90: 15 | C90: Pascua | D90: Pentecostés
A91: Aquedah | B91: 19 | C91: Pascua | D91: Pentecostés
A92: Canto de Moisés | B92: 34 | C92: Pascua | D92: Pentecostés
A93: Como oveja que ve | B93: 40 | C93: Pascua | D93: Pentecostés
A94: Cristo es la luz | B94: 42 | C94: Pascua | D94: Pentecostés
A95: Cuando Israel salió de Egipto | B95: 44 | C95: Pascua | D95: Pentecostés
A96: Dayenú | B96: 45 | C96: Pascua | D96: Pentecostés
A97: Dice el Señor a mi Señor | B97: 51 | C97: Pascua | D97: Pentecostés
... A140: Veni creator | B140: 169 | C140: Pascua | D140: Pentecostés
A141: Ave María l | B141: 21 | C141: Virgen
A142: Ave María 11 (1984} | B142: 22 | C142: Virgen
A143: Bendita eres tú, María | B143: 27 | C143: Virgen
A144: Como oveja que ve | B144: 40 | C144: Virgen
A145: Débora | B145: 223 | C145: Virgen
A146: La cordera de Dios | B146: 96 | C146: Virgen
A147: La espada | B147: 97 | C147: Virgen
A148: La Salve | B148: 99 | C148: Virgen
A149: Magníficat | B149: 108 | C149: Virgen
A150: María, casa de bendición | B150: 109 | C150: Virgen
A151: María de Jasna Góra | B151: 110 | C151: Virgen
A152: María, madre de la Iglesia | B152: 111 | C152: Virgen
... A270: Yo vengo a reunir | B270: 177 | C270: Final

Sheet content 
A2: Canto | B2: # | C2: Tiempo
A3: Cuando el Señor | B3: 43 | C3: Adviento
A4: Alegría, ha nacido el Salvador | B4: 12 | C4: Adviento
A5: Bendito sea Dios | B5: 29 | C5: Adviento
A6: De Profundis | B6: 47 | C6: Adviento
A7: Decidle a los de corazón cansado | B7: 48 | C7: Adviento
A8: Consolad a mi pueblo | B8: 41 | C8: Adviento
A9: Decidle a los de corazón cansado | B9: 48 | C9: Adviento
A10: Elí, Elí, lamá sabactaní | B10: 63 | C10: Adviento
A11: Extiendo mis manos | B11: 74 | C11: Adviento
A12: El pueblo que caminaba en las tinieblas | B12: 59 | C12: Adviento
A13: Escuchad, islas lejanas | B13: 70 | C13: Adviento
A14: He aquí que vengo presto | B14: 82 | C14: Adviento
... A544: Yo vengo a reunir | B544: 177 | C544: Antiguo Testamento

Sheet Tiempos
A1: Canto | B1: # | C1: Tiempo
A2: Cuando el Señor | B2: 43 | C2: Adviento
A3: Alegría, ha nacido el Salvador | B3: 12 | C3: Adviento
A4: Bendito sea Dios | B4: 29 | C4: Adviento
A5: De Profundis | B5: 47 | C5: Adviento
A6: Decidle a los de corazón cansado | B6: 48 | C6: Adviento
A7: Consolad a mi pueblo | B7: 41 | C7: Adviento
A8: Decidle a los de corazón cansado | B8: 48 | C8: Adviento
A9: Elí, Elí, lamá sabactaní | B9: 63 | C9: Adviento
A10: Extiendo mis manos | B10: 74 | C10: Adviento
A11: El pueblo que caminaba en las tinieblas | B11: 59 | C11: Adviento
A12: Escuchad, islas lejanas | B12: 70 | C12: Adviento
A13: He aquí que vengo presto | B13: 82 | C13: Adviento
... A543: Yo vengo a reunir | B543: 177 | C543: Antiguo Testamento

Sheet Indice (bk)
A1: Canto | B1: # | C1: Adviento | D1: Navidad | E1: Cuaresma | F1: Pascua | G1: Pentecostés | H1: Entrada | I1: Virgen | J1: Paz | K1: Pan | L1: Comunión | M1: Niños | N1: Laudes | O1: Nuevo Testamento | P1: Antiguo Testamento | Q1: Final
A2: A la víctima pascual | B2: 1 | C2: =IFERROR(IF(VLOOKUP(A2,Adviento!A:C,3,FALSE)=Table15[[#Headers],[Adviento]],Table15[[#Headers],[Adviento]],""),"") | D2: =IFERROR(IF(VLOOKUP(A2,Navidad!A:C,3,FALSE)=Table15[[#Headers],[Navidad]],Table15[[#Headers],[Navidad]],""),"") | E2: =IFERROR(IF(VLOOKUP(A2,Cuaresma!A:C,3,FALSE)=Table15[[#Headers],[Cuaresma]],Table15[[#Headers],[Cuaresma]],""),"") | F2: =IFERROR(IF(VLOOKUP(A2,Pascua!A:C,3,FALSE)=Table15[[#Headers],[Pascua]],Table15[[#Headers],[Pascua]],""),"") -> Pascua | G2: =IFERROR(IF(VLOOKUP(A2,Pentecostés!A:C,3,FALSE)=Table15[[#Headers],[Pentecostés]],Table15[[#Headers],[Pentecostés]],""),"") -> Pentecostés | H2: =IFERROR(IF(VLOOKUP(A2,Entrada!A:C,3,FALSE)=Table15[[#Headers],[Entrada]],Table15[[#Headers],[Entrada]],""),"") | I2: =IFERROR(IF(VLOOKUP(A2,Virgen!A:C,3,FALSE)=Table15[[#Headers],[Virgen]],Table15[[#Headers],[Virgen]],""),"") | J2: =IFERROR(IF(VLOOKUP(A2,Paz!A:C,3,FALSE)=Table15[[#Headers],[Paz]],Table15[[#Headers],[Paz]],""),"") | K2: =IFERROR(IF(VLOOKUP(A2,Pan!A:C,3,FALSE)=Table15[[#Headers],[Pan]],Table15[[#Headers],[Pan]],""),"") | L2: =IFERROR(IF(VLOOKUP(A2,Comunión!A:C,3,FALSE)=Table15[[#Headers],[Comunión]],Table15[[#Headers],[Comunión]],""),"") | M2: =IFERROR(IF(VLOOKUP(A2,Niños!A:C,3,FALSE)=Table15[[#Headers],[Niños]],Table15[[#Headers],[Niños]],""),"") | N2: =IFERROR(IF(VLOOKUP(A2,Laudes!A:C,3,FALSE)=Table15[[#Headers],[Laudes]],Table15[[#Headers],[Laudes]],""),"") | O2: =IFERROR(IF(VLOOKUP(A2,'Nuevo Testamento'!A:C,3,FALSE)=Table15[[#Headers],[Nuevo Testamento]],Table15[[#Headers],[Nuevo Testamento]],""),"") -> Nuevo Testamento | P2: =IFERROR(IF(VLOOKUP(A2,'Antiguo Testamento'!A:C,3,FALSE)=Table15[[#Headers],[Antiguo Testamento]],Table15[[#Headers],[Antiguo Testamento]],""),"") | Q2: =IFERROR(IF(VLOOKUP(A2,Final!A:C,3,FALSE)=Table15[[#Headers],[Final]],Table15[[#Headers],[Final]],""),"")
A3: A nadie demos ocasión de tropiezo | B3: 2 | C3: =IFERROR(IF(VLOOKUP(A3,Adviento!A:C,3,FALSE)=Table15[[#Headers],[Adviento]],Table15[[#Headers],[Adviento]],""),"") | D3: =IFERROR(IF(VLOOKUP(A3,Navidad!A:C,3,FALSE)=Table15[[#Headers],[Navidad]],Table15[[#Headers],[Navidad]],""),"") | E3: =IFERROR(IF(VLOOKUP(A3,Cuaresma!A:C,3,FALSE)=Table15[[#Headers],[Cuaresma]],Table15[[#Headers],[Cuaresma]],""),"") | F3: =IFERROR(IF(VLOOKUP(A3,Pascua!A:C,3,FALSE)=Table15[[#Headers],[Pascua]],Table15[[#Headers],[Pascua]],""),"") | G3: =IFERROR(IF(VLOOKUP(A3,Pentecostés!A:C,3,FALSE)=Table15[[#Headers],[Pentecostés]],Table15[[#Headers],[Pentecostés]],""),"") | H3: =IFERROR(IF(VLOOKUP(A3,Entrada!A:C,3,FALSE)=Table15[[#Headers],[Entrada]],Table15[[#Headers],[Entrada]],""),"") | I3: =IFERROR(IF(VLOOKUP(A3,Virgen!A:C,3,FALSE)=Table15[[#Headers],[Virgen]],Table15[[#Headers],[Virgen]],""),"") | J3: =IFERROR(IF(VLOOKUP(A3,Paz!A:C,3,FALSE)=Table15[[#Headers],[Paz]],Table15[[#Headers],[Paz]],""),"") | K3: =IFERROR(IF(VLOOKUP(A3,Pan!A:C,3,FALSE)=Table15[[#Headers],[Pan]],Table15[[#Headers],[Pan]],""),"") | L3: =IFERROR(IF(VLOOKUP(A3,Comunión!A:C,3,FALSE)=Table15[[#Headers],[Comunión]],Table15[[#Headers],[Comunión]],""),"") | M3: =IFERROR(IF(VLOOKUP(A3,Niños!A:C,3,FALSE)=Table15[[#Headers],[Niños]],Table15[[#Headers],[Niños]],""),"") | N3: =IFERROR(IF(VLOOKUP(A3,Laudes!A:C,3,FALSE)=Table15[[#Headers],[Laudes]],Table15[[#Headers],[Laudes]],""),"") | O3: =IFERROR(IF(VLOOKUP(A3,'Nuevo Testamento'!A:C,3,FALSE)=Table15[[#Headers],[Nuevo Testamento]],Table15[[#Headers],[Nuevo Testamento]],""),"") -> Nuevo Testamento | P3: =IFERROR(IF(VLOOKUP(A3,'Antiguo Testamento'!A:C,3,FALSE)=Table15[[#Headers],[Antiguo Testamento]],Table15[[#Headers],[Antiguo Testamento]],""),"") | Q3: =IFERROR(IF(VLOOKUP(A3,Final!A:C,3,FALSE)=Table15[[#Headers],[Final]],Table15[[#Headers],[Final]],""),"")
A4: A ti levanto mis ojos | B4: 3 | C4: =IFERROR(IF(VLOOKUP(A4,Adviento!A:C,3,FALSE)=Table15[[#Headers],[Adviento]],Table15[[#Headers],[Adviento]],""),"") | D4: =IFERROR(IF(VLOOKUP(A4,Navidad!A:C,3,FALSE)=Table15[[#Headers],[Navidad]],Table15[[#Headers],[Navidad]],""),"") | E4: =IFERROR(IF(VLOOKUP(A4,Cuaresma!A:C,3,FALSE)=Table15[[#Headers],[Cuaresma]],Table15[[#Headers],[Cuaresma]],""),"") -> Cuaresma | F4: =IFERROR(IF(VLOOKUP(A4,Pascua!A:C,3,FALSE)=Table15[[#Headers],[Pascua]],Table15[[#Headers],[Pascua]],""),"") | G4: =IFERROR(IF(VLOOKUP(A4,Pentecostés!A:C,3,FALSE)=Table15[[#Headers],[Pentecostés]],Table15[[#Headers],[Pentecostés]],""),"") | H4: =IFERROR(IF(VLOOKUP(A4,Entrada!A:C,3,FALSE)=Table15[[#Headers],[Entrada]],Table15[[#Headers],[Entrada]],""),"") | I4: =IFERROR(IF(VLOOKUP(A4,Virgen!A:C,3,FALSE)=Table15[[#Headers],[Virgen]],Table15[[#Headers],[Virgen]],""),"") | J4: =IFERROR(IF(VLOOKUP(A4,Paz!A:C,3,FALSE)=Table15[[#Headers],[Paz]],Table15[[#Headers],[Paz]],""),"") | K4: =IFERROR(IF(VLOOKUP(A4,Pan!A:C,3,FALSE)=Table15[[#Headers],[Pan]],Table15[[#Headers],[Pan]],""),"") | L4: =IFERROR(IF(VLOOKUP(A4,Comunión!A:C,3,FALSE)=Table15[[#Headers],[Comunión]],Table15[[#Headers],[Comunión]],""),"") | M4: =IFERROR(IF(VLOOKUP(A4,Niños!A:C,3,FALSE)=Table15[[#Headers],[Niños]],Table15[[#Headers],[Niños]],""),"") | N4: =IFERROR(IF(VLOOKUP(A4,Laudes!A:C,3,FALSE)=Table15[[#Headers],[Laudes]],Table15[[#Headers],[Laudes]],""),"") | O4: =IFERROR(IF(VLOOKUP(A4,'Nuevo Testamento'!A:C,3,FALSE)=Table15[[#Headers],[Nuevo Testamento]],Table15[[#Headers],[Nuevo Testamento]],""),"") | P4: =IFERROR(IF(VLOOKUP(A4,'Antiguo Testamento'!A:C,3,FALSE)=Table15[[#Headers],[Antiguo Testamento]],Table15[[#Headers],[Antiguo Testamento]],""),"") -> Antiguo Testamento | Q4: =IFERROR(IF(VLOOKUP(A4,Final!A:C,3,FALSE)=Table15[[#Headers],[Final]],Table15[[#Headers],[Final]],""),"")
A5: A ti, Señor, en mi clamor imploro | B5: 4 | C5: =IFERROR(IF(VLOOKUP(A5,Adviento!A:C,3,FALSE)=Table15[[#Headers],[Adviento]],Table15[[#Headers],[Adviento]],""),"") | D5: =IFERROR(IF(VLOOKUP(A5,Navidad!A:C,3,FALSE)=Table15[[#Headers],[Navidad]],Table15[[#Headers],[Navidad]],""),"") | E5: =IFERROR(IF(VLOOKUP(A5,Cuaresma!A:C,3,FALSE)=Table15[[#Headers],[Cuaresma]],Table15[[#Headers],[Cuaresma]],""),"") -> Cuaresma | F5: =IFERROR(IF(VLOOKUP(A5,Pascua!A:C,3,FALSE)=Table15[[#Headers],[Pascua]],Table15[[#Headers],[Pascua]],""),"") | G5: =IFERROR(IF(VLOOKUP(A5,Pentecostés!A:C,3,FALSE)=Table15[[#Headers],[Pentecostés]],Table15[[#Headers],[Pentecostés]],""),"") | H5: =IFERROR(IF(VLOOKUP(A5,Entrada!A:C,3,FALSE)=Table15[[#Headers],[Entrada]],Table15[[#Headers],[Entrada]],""),"") | I5: =IFERROR(IF(VLOOKUP(A5,Virgen!A:C,3,FALSE)=Table15[[#Headers],[Virgen]],Table15[[#Headers],[Virgen]],""),"") | J5: =IFERROR(IF(VLOOKUP(A5,Paz!A:C,3,FALSE)=Table15[[#Headers],[Paz]],Table15[[#Headers],[Paz]],""),"") | K5: =IFERROR(IF(VLOOKUP(A5,Pan!A:C,3,FALSE)=Table15[[#Headers],[Pan]],Table15[[#Headers],[Pan]],""),"") | L5: =IFERROR(IF(VLOOKUP(A5,Comunión!A:C,3,FALSE)=Table15[[#Headers],[Comunión]],Table15[[#Headers],[Comunión]],""),"") | M5: =IFERROR(IF(VLOOKUP(A5,Niños!A:C,3,FALSE)=Table15[[#Headers],[Niños]],Table15[[#Headers],[Niños]],""),"") | N5: =IFERROR(IF(VLOOKUP(A5,Laudes!A:C,3,FALSE)=Table15[[#Headers],[Laudes]],Table15[[#Headers],[Laudes]],""),"") | O5: =IFERROR(IF(VLOOKUP(A5,'Nuevo Testamento'!A:C,3,FALSE)=Table15[[#Headers],[Nuevo Testamento]],Table15[[#Headers],[Nuevo Testamento]],""),"") | P5: =IFERROR(IF(VLOOKUP(A5,'Antiguo Testamento'!A:C,3,FALSE)=Table15[[#Headers],[Antiguo Testamento]],Table15[[#Headers],[Antiguo Testamento]],""),"") -> Antiguo Testamento | Q5: =IFERROR(IF(VLOOKUP(A5,Final!A:C,3,FALSE)=Table15[[#Headers],[Final]],Table15[[#Headers],[Final]],""),"")
A6: A ti, Señor, levanto mi alma | B6: 5 | C6: =IFERROR(IF(VLOOKUP(A6,Adviento!A:C,3,FALSE)=Table15[[#Headers],[Adviento]],Table15[[#Headers],[Adviento]],""),"") | D6: =IFERROR(IF(VLOOKUP(A6,Navidad!A:C,3,FALSE)=Table15[[#Headers],[Navidad]],Table15[[#Headers],[Navidad]],""),"") | E6: =IFERROR(IF(VLOOKUP(A6,Cuaresma!A:C,3,FALSE)=Table15[[#Headers],[Cuaresma]],Table15[[#Headers],[Cuaresma]],""),"") -> Cuaresma | F6: =IFERROR(IF(VLOOKUP(A6,Pascua!A:C,3,FALSE)=Table15[[#Headers],[Pascua]],Table15[[#Headers],[Pascua]],""),"") | G6: =IFERROR(IF(VLOOKUP(A6,Pentecostés!A:C,3,FALSE)=Table15[[#Headers],[Pentecostés]],Table15[[#Headers],[Pentecostés]],""),"") | H6: =IFERROR(IF(VLOOKUP(A6,Entrada!A:C,3,FALSE)=Table15[[#Headers],[Entrada]],Table15[[#Headers],[Entrada]],""),"") | I6: =IFERROR(IF(VLOOKUP(A6,Virgen!A:C,3,FALSE)=Table15[[#Headers],[Virgen]],Table15[[#Headers],[Virgen]],""),"") | J6: =IFERROR(IF(VLOOKUP(A6,Paz!A:C,3,FALSE)=Table15[[#Headers],[Paz]],Table15[[#Headers],[Paz]],""),"") | K6: =IFERROR(IF(VLOOKUP(A6,Pan!A:C,3,FALSE)=Table15[[#Headers],[Pan]],Table15[[#Headers],[Pan]],""),"") | L6: =IFERROR(IF(VLOOKUP(A6,Comunión!A:C,3,FALSE)=Table15[[#Headers],[Comunión]],Table15[[#Headers],[Comunión]],""),"") | M6: =IFERROR(IF(VLOOKUP(A6,Niños!A:C,3,FALSE)=Table15[[#Headers],[Niños]],Table15[[#Headers],[Niños]],""),"") | N6: =IFERROR(IF(VLOOKUP(A6,Laudes!A:C,3,FALSE)=Table15[[#Headers],[Laudes]],Table15[[#Headers],[Laudes]],""),"") | O6: =IFERROR(IF(VLOOKUP(A6,'Nuevo Testamento'!A:C,3,FALSE)=Table15[[#Headers],[Nuevo Testamento]],Table15[[#Headers],[Nuevo Testamento]],""),"") | P6: =IFERROR(IF(VLOOKUP(A6,'Antiguo Testamento'!A:C,3,FALSE)=Table15[[#Headers],[Antiguo Testamento]],Table15[[#Headers],[Antiguo Testamento]],""),"") -> Antiguo Testamento | Q6: =IFERROR(IF(VLOOKUP(A6,Final!A:C,3,FALSE)=Table15[[#Headers],[Final]],Table15[[#Headers],[Final]],""),"")
A7: A ti, Señor, se debe la alabanza en Sión | B7: 6 | C7: =IFERROR(IF(VLOOKUP(A7,Adviento!A:C,3,FALSE)=Table15[[#Headers],[Adviento]],Table15[[#Headers],[Adviento]],""),"") | D7: =IFERROR(IF(VLOOKUP(A7,Navidad!A:C,3,FALSE)=Table15[[#Headers],[Navidad]],Table15[[#Headers],[Navidad]],""),"") | E7: =IFERROR(IF(VLOOKUP(A7,Cuaresma!A:C,3,FALSE)=Table15[[#Headers],[Cuaresma]],Table15[[#Headers],[Cuaresma]],""),"") -> Cuaresma | F7: =IFERROR(IF(VLOOKUP(A7,Pascua!A:C,3,FALSE)=Table15[[#Headers],[Pascua]],Table15[[#Headers],[Pascua]],""),"") | G7: =IFERROR(IF(VLOOKUP(A7,Pentecostés!A:C,3,FALSE)=Table15[[#Headers],[Pentecostés]],Table15[[#Headers],[Pentecostés]],""),"") | H7: =IFERROR(IF(VLOOKUP(A7,Entrada!A:C,3,FALSE)=Table15[[#Headers],[Entrada]],Table15[[#Headers],[Entrada]],""),"") | I7: =IFERROR(IF(VLOOKUP(A7,Virgen!A:C,3,FALSE)=Table15[[#Headers],[Virgen]],Table15[[#Headers],[Virgen]],""),"") | J7: =IFERROR(IF(VLOOKUP(A7,Paz!A:C,3,FALSE)=Table15[[#Headers],[Paz]],Table15[[#Headers],[Paz]],""),"") | K7: =IFERROR(IF(VLOOKUP(A7,Pan!A:C,3,FALSE)=Table15[[#Headers],[Pan]],Table15[[#Headers],[Pan]],""),"") | L7: =IFERROR(IF(VLOOKUP(A7,Comunión!A:C,3,FALSE)=Table15[[#Headers],[Comunión]],Table15[[#Headers],[Comunión]],""),"") | M7: =IFERROR(IF(VLOOKUP(A7,Niños!A:C,3,FALSE)=Table15[[#Headers],[Niños]],Table15[[#Headers],[Niños]],""),"") | N7: =IFERROR(IF(VLOOKUP(A7,Laudes!A:C,3,FALSE)=Table15[[#Headers],[Laudes]],Table15[[#Headers],[Laudes]],""),"") -> Laudes | O7: =IFERROR(IF(VLOOKUP(A7,'Nuevo Testamento'!A:C,3,FALSE)=Table15[[#Headers],[Nuevo Testamento]],Table15[[#Headers],[Nuevo Testamento]],""),"") | P7: =IFERROR(IF(VLOOKUP(A7,'Antiguo Testamento'!A:C,3,FALSE)=Table15[[#Headers],[Antiguo Testamento]],Table15[[#Headers],[Antiguo Testamento]],""),"") -> Antiguo Testamento | Q7: =IFERROR(IF(VLOOKUP(A7,Final!A:C,3,FALSE)=Table15[[#Headers],[Final]],Table15[[#Headers],[Final]],""),"")
A8: Abbá, Padre | B8: 7 | C8: =IFERROR(IF(VLOOKUP(A8,Adviento!A:C,3,FALSE)=Table15[[#Headers],[Adviento]],Table15[[#Headers],[Adviento]],""),"") | D8: =IFERROR(IF(VLOOKUP(A8,Navidad!A:C,3,FALSE)=Table15[[#Headers],[Navidad]],Table15[[#Headers],[Navidad]],""),"") | E8: =IFERROR(IF(VLOOKUP(A8,Cuaresma!A:C,3,FALSE)=Table15[[#Headers],[Cuaresma]],Table15[[#Headers],[Cuaresma]],""),"") | F8: =IFERROR(IF(VLOOKUP(A8,Pascua!A:C,3,FALSE)=Table15[[#Headers],[Pascua]],Table15[[#Headers],[Pascua]],""),"") -> Pascua | G8: =IFERROR(IF(VLOOKUP(A8,Pentecostés!A:C,3,FALSE)=Table15[[#Headers],[Pentecostés]],Table15[[#Headers],[Pentecostés]],""),"") -> Pentecostés | H8: =IFERROR(IF(VLOOKUP(A8,Entrada!A:C,3,FALSE)=Table15[[#Headers],[Entrada]],Table15[[#Headers],[Entrada]],""),"") -> Entrada | I8: =IFERROR(IF(VLOOKUP(A8,Virgen!A:C,3,FALSE)=Table15[[#Headers],[Virgen]],Table15[[#Headers],[Virgen]],""),"") | J8: =IFERROR(IF(VLOOKUP(A8,Paz!A:C,3,FALSE)=Table15[[#Headers],[Paz]],Table15[[#Headers],[Paz]],""),"") | K8: =IFERROR(IF(VLOOKUP(A8,Pan!A:C,3,FALSE)=Table15[[#Headers],[Pan]],Table15[[#Headers],[Pan]],""),"") | L8: =IFERROR(IF(VLOOKUP(A8,Comunión!A:C,3,FALSE)=Table15[[#Headers],[Comunión]],Table15[[#Headers],[Comunión]],""),"") | M8: =IFERROR(IF(VLOOKUP(A8,Niños!A:C,3,FALSE)=Table15[[#Headers],[Niños]],Table15[[#Headers],[Niños]],""),"") | N8: =IFERROR(IF(VLOOKUP(A8,Laudes!A:C,3,FALSE)=Table15[[#Headers],[Laudes]],Table15[[#Headers],[Laudes]],""),"") -> Laudes | O8: =IFERROR(IF(VLOOKUP(A8,'Nuevo Testamento'!A:C,3,FALSE)=Table15[[#Headers],[Nuevo Testamento]],Table15[[#Headers],[Nuevo Testamento]],""),"") -> Nuevo Testamento | P8: =IFERROR(IF(VLOOKUP(A8,'Antiguo Testamento'!A:C,3,FALSE)=Table15[[#Headers],[Antiguo Testamento]],Table15[[#Headers],[Antiguo Testamento]],""),"") | Q8: =IFERROR(IF(VLOOKUP(A8,Final!A:C,3,FALSE)=Table15[[#Headers],[Final]],Table15[[#Headers],[Final]],""),"")
A9: Abraham | B9: 8 | C9: =IFERROR(IF(VLOOKUP(A9,Adviento!A:C,3,FALSE)=Table15[[#Headers],[Adviento]],Table15[[#Headers],[Adviento]],""),"") | D9: =IFERROR(IF(VLOOKUP(A9,Navidad!A:C,3,FALSE)=Table15[[#Headers],[Navidad]],Table15[[#Headers],[Navidad]],""),"") | E9: =IFERROR(IF(VLOOKUP(A9,Cuaresma!A:C,3,FALSE)=Table15[[#Headers],[Cuaresma]],Table15[[#Headers],[Cuaresma]],""),"") | F9: =IFERROR(IF(VLOOKUP(A9,Pascua!A:C,3,FALSE)=Table15[[#Headers],[Pascua]],Table15[[#Headers],[Pascua]],""),"") | G9: =IFERROR(IF(VLOOKUP(A9,Pentecostés!A:C,3,FALSE)=Table15[[#Headers],[Pentecostés]],Table15[[#Headers],[Pentecostés]],""),"") | H9: =IFERROR(IF(VLOOKUP(A9,Entrada!A:C,3,FALSE)=Table15[[#Headers],[Entrada]],Table15[[#Headers],[Entrada]],""),"") -> Entrada | I9: =IFERROR(IF(VLOOKUP(A9,Virgen!A:C,3,FALSE)=Table15[[#Headers],[Virgen]],Table15[[#Headers],[Virgen]],""),"") | J9: =IFERROR(IF(VLOOKUP(A9,Paz!A:C,3,FALSE)=Table15[[#Headers],[Paz]],Table15[[#Headers],[Paz]],""),"") | K9: =IFERROR(IF(VLOOKUP(A9,Pan!A:C,3,FALSE)=Table15[[#Headers],[Pan]],Table15[[#Headers],[Pan]],""),"") | L9: =IFERROR(IF(VLOOKUP(A9,Comunión!A:C,3,FALSE)=Table15[[#Headers],[Comunión]],Table15[[#Headers],[Comunión]],""),"") | M9: =IFERROR(IF(VLOOKUP(A9,Niños!A:C,3,FALSE)=Table15[[#Headers],[Niños]],Table15[[#Headers],[Niños]],""),"") | N9: =IFERROR(IF(VLOOKUP(A9,Laudes!A:C,3,FALSE)=Table15[[#Headers],[Laudes]],Table15[[#Headers],[Laudes]],""),"") -> Laudes | O9: =IFERROR(IF(VLOOKUP(A9,'Nuevo Testamento'!A:C,3,FALSE)=Table15[[#Headers],[Nuevo Testamento]],Table15[[#Headers],[Nuevo Testamento]],""),"") | P9: =IFERROR(IF(VLOOKUP(A9,'Antiguo Testamento'!A:C,3,FALSE)=Table15[[#Headers],[Antiguo Testamento]],Table15[[#Headers],[Antiguo Testamento]],""),"") -> Antiguo Testamento | Q9: =IFERROR(IF(VLOOKUP(A9,Final!A:C,3,FALSE)=Table15[[#Headers],[Final]],Table15[[#Headers],[Final]],""),"")
A10: Aclamad al Señor | B10: 9 | C10: =IFERROR(IF(VLOOKUP(A10,Adviento!A:C,3,FALSE)=Table15[[#Headers],[Adviento]],Table15[[#Headers],[Adviento]],""),"") | D10: =IFERROR(IF(VLOOKUP(A10,Navidad!A:C,3,FALSE)=Table15[[#Headers],[Navidad]],Table15[[#Headers],[Navidad]],""),"") | E10: =IFERROR(IF(VLOOKUP(A10,Cuaresma!A:C,3,FALSE)=Table15[[#Headers],[Cuaresma]],Table15[[#Headers],[Cuaresma]],""),"") | F10: =IFERROR(IF(VLOOKUP(A10,Pascua!A:C,3,FALSE)=Table15[[#Headers],[Pascua]],Table15[[#Headers],[Pascua]],""),"") | G10: =IFERROR(IF(VLOOKUP(A10,Pentecostés!A:C,3,FALSE)=Table15[[#Headers],[Pentecostés]],Table15[[#Headers],[Pentecostés]],""),"") | H10: =IFERROR(IF(VLOOKUP(A10,Entrada!A:C,3,FALSE)=Table15[[#Headers],[Entrada]],Table15[[#Headers],[Entrada]],""),"") -> Entrada | I10: =IFERROR(IF(VLOOKUP(A10,Virgen!A:C,3,FALSE)=Table15[[#Headers],[Virgen]],Table15[[#Headers],[Virgen]],""),"") | J10: =IFERROR(IF(VLOOKUP(A10,Paz!A:C,3,FALSE)=Table15[[#Headers],[Paz]],Table15[[#Headers],[Paz]],""),"") | K10: =IFERROR(IF(VLOOKUP(A10,Pan!A:C,3,FALSE)=Table15[[#Headers],[Pan]],Table15[[#Headers],[Pan]],""),"") | L10: =IFERROR(IF(VLOOKUP(A10,Comunión!A:C,3,FALSE)=Table15[[#Headers],[Comunión]],Table15[[#Headers],[Comunión]],""),"") | M10: =IFERROR(IF(VLOOKUP(A10,Niños!A:C,3,FALSE)=Table15[[#Headers],[Niños]],Table15[[#Headers],[Niños]],""),"") | N10: =IFERROR(IF(VLOOKUP(A10,Laudes!A:C,3,FALSE)=Table15[[#Headers],[Laudes]],Table15[[#Headers],[Laudes]],""),"") -> Laudes | O10: =IFERROR(IF(VLOOKUP(A10,'Nuevo Testamento'!A:C,3,FALSE)=Table15[[#Headers],[Nuevo Testamento]],Table15[[#Headers],[Nuevo Testamento]],""),"") | P10: =IFERROR(IF(VLOOKUP(A10,'Antiguo Testamento'!A:C,3,FALSE)=Table15[[#Headers],[Antiguo Testamento]],Table15[[#Headers],[Antiguo Testamento]],""),"") -> Antiguo Testamento | Q10: =IFERROR(IF(VLOOKUP(A10,Final!A:C,3,FALSE)=Table15[[#Headers],[Final]],Table15[[#Headers],[Final]],""),"")
A11: Al despertar | B11: 10 | C11: =IFERROR(IF(VLOOKUP(A11,Adviento!A:C,3,FALSE)=Table15[[#Headers],[Adviento]],Table15[[#Headers],[Adviento]],""),"") | D11: =IFERROR(IF(VLOOKUP(A11,Navidad!A:C,3,FALSE)=Table15[[#Headers],[Navidad]],Table15[[#Headers],[Navidad]],""),"") | E11: =IFERROR(IF(VLOOKUP(A11,Cuaresma!A:C,3,FALSE)=Table15[[#Headers],[Cuaresma]],Table15[[#Headers],[Cuaresma]],""),"") -> Cuaresma | F11: =IFERROR(IF(VLOOKUP(A11,Pascua!A:C,3,FALSE)=Table15[[#Headers],[Pascua]],Table15[[#Headers],[Pascua]],""),"") | G11: =IFERROR(IF(VLOOKUP(A11,Pentecostés!A:C,3,FALSE)=Table15[[#Headers],[Pentecostés]],Table15[[#Headers],[Pentecostés]],""),"") | H11: =IFERROR(IF(VLOOKUP(A11,Entrada!A:C,3,FALSE)=Table15[[#Headers],[Entrada]],Table15[[#Headers],[Entrada]],""),"") | I11: =IFERROR(IF(VLOOKUP(A11,Virgen!A:C,3,FALSE)=Table15[[#Headers],[Virgen]],Table15[[#Headers],[Virgen]],""),"") | J11: =IFERROR(IF(VLOOKUP(A11,Paz!A:C,3,FALSE)=Table15[[#Headers],[Paz]],Table15[[#Headers],[Paz]],""),"") | K11: =IFERROR(IF(VLOOKUP(A11,Pan!A:C,3,FALSE)=Table15[[#Headers],[Pan]],Table15[[#Headers],[Pan]],""),"") | L11: =IFERROR(IF(VLOOKUP(A11,Comunión!A:C,3,FALSE)=Table15[[#Headers],[Comunión]],Table15[[#Headers],[Comunión]],""),"") | M11: =IFERROR(IF(VLOOKUP(A11,Niños!A:C,3,FALSE)=Table15[[#Headers],[Niños]],Table15[[#Headers],[Niños]],""),"") | N11: =IFERROR(IF(VLOOKUP(A11,Laudes!A:C,3,FALSE)=Table15[[#Headers],[Laudes]],Table15[[#Headers],[Laudes]],""),"") -> Laudes | O11: =IFERROR(IF(VLOOKUP(A11,'Nuevo Testamento'!A:C,3,FALSE)=Table15[[#Headers],[Nuevo Testamento]],Table15[[#Headers],[Nuevo Testamento]],""),"") | P11: =IFERROR(IF(VLOOKUP(A11,'Antiguo Testamento'!A:C,3,FALSE)=Table15[[#Headers],[Antiguo Testamento]],Table15[[#Headers],[Antiguo Testamento]],""),"") -> Antiguo Testamento | Q11: =IFERROR(IF(VLOOKUP(A11,Final!A:C,3,FALSE)=Table15[[#Headers],[Final]],Table15[[#Headers],[Final]],""),"")
A12: Alabad al Señor en el cielo | B12: 11 | C12: =IFERROR(IF(VLOOKUP(A12,Adviento!A:C,3,FALSE)=Table15[[#Headers],[Adviento]],Table15[[#Headers],[Adviento]],""),"") | D12: =IFERROR(IF(VLOOKUP(A12,Navidad!A:C,3,FALSE)=Table15[[#Headers],[Navidad]],Table15[[#Headers],[Navidad]],""),"") | E12: =IFERROR(IF(VLOOKUP(A12,Cuaresma!A:C,3,FALSE)=Table15[[#Headers],[Cuaresma]],Table15[[#Headers],[Cuaresma]],""),"") | F12: =IFERROR(IF(VLOOKUP(A12,Pascua!A:C,3,FALSE)=Table15[[#Headers],[Pascua]],Table15[[#Headers],[Pascua]],""),"") | G12: =IFERROR(IF(VLOOKUP(A12,Pentecostés!A:C,3,FALSE)=Table15[[#Headers],[Pentecostés]],Table15[[#Headers],[Pentecostés]],""),"") | H12: =IFERROR(IF(VLOOKUP(A12,Entrada!A:C,3,FALSE)=Table15[[#Headers],[Entrada]],Table15[[#Headers],[Entrada]],""),"") | I12: =IFERROR(IF(VLOOKUP(A12,Virgen!A:C,3,FALSE)=Table15[[#Headers],[Virgen]],Table15[[#Headers],[Virgen]],""),"") | J12: =IFERROR(IF(VLOOKUP(A12,Paz!A:C,3,FALSE)=Table15[[#Headers],[Paz]],Table15[[#Headers],[Paz]],""),"") | K12: =IFERROR(IF(VLOOKUP(A12,Pan!A:C,3,FALSE)=Table15[[#Headers],[Pan]],Table15[[#Headers],[Pan]],""),"") | L12: =IFERROR(IF(VLOOKUP(A12,Comunión!A:C,3,FALSE)=Table15[[#Headers],[Comunión]],Table15[[#Headers],[Comunión]],""),"") | M12: =IFERROR(IF(VLOOKUP(A12,Niños!A:C,3,FALSE)=Table15[[#Headers],[Niños]],Table15[[#Headers],[Niños]],""),"") | N12: =IFERROR(IF(VLOOKUP(A12,Laudes!A:C,3,FALSE)=Table15[[#Headers],[Laudes]],Table15[[#Headers],[Laudes]],""),"") -> Laudes | O12: =IFERROR(IF(VLOOKUP(A12,'Nuevo Testamento'!A:C,3,FALSE)=Table15[[#Headers],[Nuevo Testamento]],Table15[[#Headers],[Nuevo Testamento]],""),"") | P12: =IFERROR(IF(VLOOKUP(A12,'Antiguo Testamento'!A:C,3,FALSE)=Table15[[#Headers],[Antiguo Testamento]],Table15[[#Headers],[Antiguo Testamento]],""),"") -> Antiguo Testamento | Q12: =IFERROR(IF(VLOOKUP(A12,Final!A:C,3,FALSE)=Table15[[#Headers],[Final]],Table15[[#Headers],[Final]],""),"")
A13: Alegría, ha nacido el salvador | B13: 12 | C13: =IFERROR(IF(VLOOKUP(A13,Adviento!A:C,3,FALSE)=Table15[[#Headers],[Adviento]],Table15[[#Headers],[Adviento]],""),"") -> Adviento | D13: =IFERROR(IF(VLOOKUP(A13,Navidad!A:C,3,FALSE)=Table15[[#Headers],[Navidad]],Table15[[#Headers],[Navidad]],""),"") -> Navidad | E13: =IFERROR(IF(VLOOKUP(A13,Cuaresma!A:C,3,FALSE)=Table15[[#Headers],[Cuaresma]],Table15[[#Headers],[Cuaresma]],""),"") | F13: =IFERROR(IF(VLOOKUP(A13,Pascua!A:C,3,FALSE)=Table15[[#Headers],[Pascua]],Table15[[#Headers],[Pascua]],""),"") | G13: =IFERROR(IF(VLOOKUP(A13,Pentecostés!A:C,3,FALSE)=Table15[[#Headers],[Pentecostés]],Table15[[#Headers],[Pentecostés]],""),"") | H13: =IFERROR(IF(VLOOKUP(A13,Entrada!A:C,3,FALSE)=Table15[[#Headers],[Entrada]],Table15[[#Headers],[Entrada]],""),"") | I13: =IFERROR(IF(VLOOKUP(A13,Virgen!A:C,3,FALSE)=Table15[[#Headers],[Virgen]],Table15[[#Headers],[Virgen]],""),"") | J13: =IFERROR(IF(VLOOKUP(A13,Paz!A:C,3,FALSE)=Table15[[#Headers],[Paz]],Table15[[#Headers],[Paz]],""),"") | K13: =IFERROR(IF(VLOOKUP(A13,Pan!A:C,3,FALSE)=Table15[[#Headers],[Pan]],Table15[[#Headers],[Pan]],""),"") | L13: =IFERROR(IF(VLOOKUP(A13,Comunión!A:C,3,FALSE)=Table15[[#Headers],[Comunión]],Table15[[#Headers],[Comunión]],""),"") | M13: =IFERROR(IF(VLOOKUP(A13,Niños!A:C,3,FALSE)=Table15[[#Headers],[Niños]],Table15[[#Headers],[Niños]],""),"") -> Niños | N13: =IFERROR(IF(VLOOKUP(A13,Laudes!A:C,3,FALSE)=Table15[[#Headers],[Laudes]],Table15[[#Headers],[Laudes]],""),"") | O13: =IFERROR(IF(VLOOKUP(A13,'Nuevo Testamento'!A:C,3,FALSE)=Table15[[#Headers],[Nuevo Testamento]],Table15[[#Headers],[Nuevo Testamento]],""),"") | P13: =IFERROR(IF(VLOOKUP(A13,'Antiguo Testamento'!A:C,3,FALSE)=Table15[[#Headers],[Antiguo Testamento]],Table15[[#Headers],[Antiguo Testamento]],""),"") | Q13: =IFERROR(IF(VLOOKUP(A13,Final!A:C,3,FALSE)=Table15[[#Headers],[Final]],Table15[[#Headers],[Final]],""),"")
... A232: Suba el Esposo al leño de su tálamo | B232: 244 | C232: =IFERROR(IF(VLOOKUP(A232,Adviento!A:C,3,FALSE)=Table15[[#Headers],[Adviento]],Table15[[#Headers],[Adviento]],""),"") | D232: =IFERROR(IF(VLOOKUP(A232,Navidad!A:C,3,FALSE)=Table15[[#Headers],[Navidad]],Table15[[#Headers],[Navidad]],""),"") | E232: =IFERROR(IF(VLOOKUP(A232,Cuaresma!A:C,3,FALSE)=Table15[[#Headers],[Cuaresma]],Table15[[#Headers],[Cuaresma]],""),"") | F232: =IFERROR(IF(VLOOKUP(A232,Pascua!A:C,3,FALSE)=Table15[[#Headers],[Pascua]],Table15[[#Headers],[Pascua]],""),"") | G232: =IFERROR(IF(VLOOKUP(A232,Pentecostés!A:C,3,FALSE)=Table15[[#Headers],[Pentecostés]],Table15[[#Headers],[Pentecostés]],""),"") | H232: =IFERROR(IF(VLOOKUP(A232,Entrada!A:C,3,FALSE)=Table15[[#Headers],[Entrada]],Table15[[#Headers],[Entrada]],""),"") | I232: =IFERROR(IF(VLOOKUP(A232,Virgen!A:C,3,FALSE)=Table15[[#Headers],[Virgen]],Table15[[#Headers],[Virgen]],""),"") | J232: =IFERROR(IF(VLOOKUP(A232,Paz!A:C,3,FALSE)=Table15[[#Headers],[Paz]],Table15[[#Headers],[Paz]],""),"") | K232: =IFERROR(IF(VLOOKUP(A232,Pan!A:C,3,FALSE)=Table15[[#Headers],[Pan]],Table15[[#Headers],[Pan]],""),"") | L232: =IFERROR(IF(VLOOKUP(A232,Comunión!A:C,3,FALSE)=Table15[[#Headers],[Comunión]],Table15[[#Headers],[Comunión]],""),"") | M232: =IFERROR(IF(VLOOKUP(A232,Niños!A:C,3,FALSE)=Table15[[#Headers],[Niños]],Table15[[#Headers],[Niños]],""),"") | N232: =IFERROR(IF(VLOOKUP(A232,Laudes!A:C,3,FALSE)=Table15[[#Headers],[Laudes]],Table15[[#Headers],[Laudes]],""),"") | O232: =IFERROR(IF(VLOOKUP(A232,'Nuevo Testamento'!A:C,3,FALSE)=Table15[[#Headers],[Nuevo Testamento]],Table15[[#Headers],[Nuevo Testamento]],""),"") | P232: =IFERROR(IF(VLOOKUP(A232,'Antiguo Testamento'!A:C,3,FALSE)=Table15[[#Headers],[Antiguo Testamento]],Table15[[#Headers],[Antiguo Testamento]],""),"") | Q232: =IFERROR(IF(VLOOKUP(A232,Final!A:C,3,FALSE)=Table15[[#Headers],[Final]],Table15[[#Headers],[Final]],""),"")

Sheet Entrada
A1: Abbá, Padre | B1: 7 | C1: Entrada
A2: Abraham | B2: 8 | C2: Entrada
A3: Aclamad al Señor | B3: 9 | C3: Entrada
A4: Alzaos, puertas | B4: 16 | C4: Entrada
A5: Amén, amén, amén | B5: 17 | C5: Entrada
A6: Bendita eres tú, María | B6: 27 | C6: Entrada
A7: Cantad al Señor | B7: 32 | C7: Entrada
A8: Consolad a mi pueblo | B8: 41 | C8: Entrada
A9: Cuando el Señor | B9: 43 | C9: Entrada
A10: Decidle a los de corazón cansado | B10: 48 | C10: Entrada
A11: El combate escatológico | B11: 53 | C11: Entrada
A12: El Espíritu del Señor está sobre mí | B12: 54 | C12: Entrada
... A30: Zaqueo | B30: 178 | C30: Entrada

Sheet Adviento
A1: Cuando el Señor | B1: 43 | C1: Adviento
A2: Alegría, ha nacido el Salvador | B2: 12 | C2: Adviento
A3: Bendito sea Dios | B3: 29 | C3: Adviento
A4: De Profundis | B4: 47 | C4: Adviento
A5: Decidle a los de corazón cansado | B5: 48 | C5: Adviento
A6: Consolad a mi pueblo | B6: 41 | C6: Adviento
A7: Decidle a los de corazón cansado | B7: 48 | C7: Adviento
A8: Elí, Elí, lamá sabactaní | B8: 63 | C8: Adviento
A9: Extiendo mis manos | B9: 74 | C9: Adviento
A10: El pueblo que caminaba en las tinieblas | B10: 59 | C10: Adviento
A11: Escuchad, islas lejanas | B11: 70 | C11: Adviento
A12: He aquí que vengo presto | B12: 82 | C12: Adviento
... A29: Ya viene mi Dios | B29: 174 | C29: Adviento

Sheet Navidad
A1: Cuando el Señor | B1: 43 | C1: Navidad
A2: Alegría, ha nacido el salvador | B2: 12 | C2: navidad
A3: Bendito sea Dios | B3: 29 | C3: Navidad
A4: De Profundis | B4: 47 | C4: Navidad
A5: Decidle a los de corazón cansado | B5: 48 | C5: Navidad
A6: Consolad a mi pueblo | B6: 41 | C6: Navidad
A7: Decidle a los de corazón cansado | B7: 48 | C7: Navidad
A8: Elí, Elí, lamá sabactaní | B8: 63 | C8: Navidad
A9: Extiendo mis manos | B9: 74 | C9: Navidad
A10: El pueblo que caminaba en las tinieblas | B10: 59 | C10: Navidad
A11: Escuchad, islas lejanas | B11: 70 | C11: Navidad
A12: He aquí que vengo presto | B12: 82 | C12: Navidad
... A29: Ya viene mi Dios | B29: 174 | C29: Navidad

Sheet Cuaresma
A1: A ti levanto mis ojos | B1: 3 | C1: Cuaresma
A2: A ti, Señor, en mi clamor imploro | B2: 4 | C2: Cuaresma
A3: A ti, Señor, levanto mi alma | B3: 5 | C3: Cuaresma
A4: Quién nos separará | B4: 139 | C4: Cuaresma
A5: Quiero cantar | B5: 141 | C5: Cuaresma
A6: Señor, ayúdame a no dudar de ti | B6: 146 | C6: Cuaresma
A7: A ti, Señor, se debe la alabanza en Sión | B7: 6 | C7: Cuaresma
A8: Al despertar | B8: 10 | C8: Cuaresma
A9: Amo al Señor | B9: 18 | C9: Cuaresma
A10: Así habla el amén | B10: 20 | C10: Cuaresma
A11: Babilonia criminal | B11: 23 | C11: Cuaresma
A12: Bendeciré al Señor en todo tiempo | B12: 25 | C12: Cuaresma
... A54: Zaqueo | B54: 178 | C54: Cuaresma

Sheet Pascua
A1: Abbá, Padre | B1: 7 | C1: Pascua
A2: A la cena del Cordero | B2: 237 | C2: Pascua
A3: A la víctima pascual | B3: 1 | C3: Pascua
A4: Aleluya, bendecid al Señor | B4: 14 | C4: Pascua
A5: Aleluya, ya llegó el Reino | B5: 15 | C5: Pascua
A6: Aquedah | B6: 19 | C6: Pascua
A7: Canto de Moisés | B7: 34 | C7: Pascua
A8: Como oveja que ve | B8: 40 | C8: Pascua
A9: Cristo es la luz | B9: 42 | C9: Pascua
A10: Cuando Israel salió de Egipto | B10: 44 | C10: Pascua
A11: Dayenú | B11: 45 | C11: Pascua
A12: Dice el Señor a mi Señor | B12: 51 | C12: Pascua
... A56: Canto de los números | B56: 246 | C56: Pascua

Sheet Pentecostés
A1: Abbá, Padre | B1: 7 | C1: Pentecostés
A2: A la cena del Cordero | B2: 237 | C2: Pentecostés
A3: A la víctima pascual | B3: 1 | C3: Pentecostés
A4: Aleluya, bendecid al Señor | B4: 14 | C4: Pentecostés
A5: Aleluya, ya llegó el Reino | B5: 15 | C5: Pentecostés
A6: Aquedah | B6: 19 | C6: Pentecostés
A7: Canto de Moisés | B7: 34 | C7: Pentecostés
A8: Como oveja que ve | B8: 40 | C8: Pentecostés
A9: Cristo es la luz | B9: 42 | C9: Pentecostés
A10: Cuando Israel salió de Egipto | B10: 44 | C10: Pentecostés
A11: Dayenú | B11: 45 | C11: Pentecostés
A12: Dice el Señor a mi Señor | B12: 51 | C12: Pentecostés
... A55: Veni creator | B55: 169 | C55: Pentecostés

Sheet Virgen
A1: Ave María I | B1: 21 | C1: Virgen
A2: Ave María II (1984) | B2: 22 | C2: Virgen
A3: Bendita eres tú, María | B3: 27 | C3: Virgen
A4: Como oveja que ve | B4: 40 | C4: Virgen
A5: Débora | B5: 223 | C5: Virgen
A6: La cordera de Dios | B6: 96 | C6: Virgen
A7: La espada | B7: 97 | C7: Virgen
A8: La Salve | B8: 99 | C8: Virgen
A9: Magníficat | B9: 108 | C9: Virgen
A10: María, casa de bendición | B10: 109 | C10: Virgen
A11: María de Jasna Göra | B11: 110 | C11: Virgen
A12: María, madre de la Iglesia | B12: 111 | C12: Virgen
... A23: Virgen de la maravilla | B23: 171 | C23: Virgen

Sheet Paz
A1: Aleluya, bendecid al Señor | B1: 14 | C1: Paz
A2: Balaam | B2: 24 | C2: Paz
A3: Cómo es maravilloso | B3: 38 | C3: Paz
A4: Consolad a mi pueblo | B4: 41 | C4: Paz
A5: Dayenú | B5: 45 | C5: Paz
A6: Evenu shalom alejem | B6: 73 | C6: Paz
A7: Gracias a Yahveh | B7: 77 | C7: Paz
A8: Jerusalén reconstruida | B8: 94 | C8: Paz
A9: Mirad qué estupendo | B9: 116 | C9: Paz
A10: Por el amor de mis amigos | B10: 132 | C10: Paz
A11: Qué estupendo, qué alegría | B11: 137 | C11: Paz
A12: Se encontraron dos ángeles | B12: 145 | C12: Paz
A13: Sube Dios entre aclamaciones | B13: 157 | C13: Paz

Sheet Pan
A1: Como oveja que ve | B1: 40 | C1: Pan
A2: El lagarero | B2: 56 | C2: Pan
A3: El Mesías león | B3: 57 | C3: Pan
A4: El Señor me ha dado | B4: 62 | C4: Pan
A5: Eres digno de tomar el libro | B5: 66 | C5: Pan
A6: Extiendo mis manos | B6: 74 | C6: Pan
A7: He aquí mi siervo | B7: 81 | C7: Pan
A8: Hijas de Jerusalén | B8: 84 | C8: Pan
A9: Himno a la kenosis | B9: 87 | C9: Pan
A10: Improperios | B10: 93 | C10: Pan
A11: María, madre de la Iglesia | B11: 111 | C11: Pan
A12: No hay en él parecer | B12: 121 | C12: Pan
... A16: Tú has cubierto de vergüenza la muerte | B16: 160 | C16: Pan

Sheet Comunión
A1: Bendeciré al Señor en todo tiempo | B1: 25 | C1: Comunión
A2: Carmen 63 | B2: 36 | C2: Comunión
A3: Cuando dormía | B3: 222 | C3: Comunión
A4: El Espíritu del Señor está sobre mí | B4: 54 | C4: Comunión
A5: El jacal de los pastores | B5: 55 | C5: Comunión
A6: El mismo Dios | B6: 224 | C6: Comunión
A7: El Señor es mi pastor | B7: 61 | C7: Comunión
A8: En medio de aquel gentío | B8: 64 | C8: Comunión
A9: Eres hermoso | B9: 67 | C9: Comunión
A10: Es paciente | B10: 68 | C10: Comunión
A11: Escuchad, islas lejanas | B11: 70 | C11: Comunión
A12: Exultad, justos, en el Señor | B12: 75 | C12: Comunión
... A25: Ven del Líbano | B25: 166 | C25: Comunión

Sheet Niños
A1: Alegría, ha nacido el Salvador | B1: 12 | C1: Niños
A2: Aleluya, bendecid al Señor | B2: 14 | C2: Niños
A3: Por qué esta noche es diferente | B3: 133 | C3: Niños
A4: Se encontraron dos ángeles | B4: 145 | C4: Niños
A5: Urí, urí, urá | B5: 164 | C5: Niños
A6: Vamos ya, pastores | B6: 165 | C6: Niños
A7: Ya viene mi Dios | B7: 174 | C7: Niños
A8: Canto de los números | B8: 246 | C8: Niños

Sheet Laudes
A1: A la cena del Cordero | B1: 237 | C1: Laudes
A2: A ti, Señor, se debe la alabanza en Sión | B2: 6 | C2: Laudes
A3: Abbá, Padre | B3: 7 | C3: Laudes
A4: Abraham | B4: 8 | C4: Laudes
A5: Aclamad al Señor | B5: 9 | C5: Laudes
A6: Al despertar | B6: 10 | C6: Laudes
A7: Alabad al Señor en el cielo | B7: 11 | C7: Laudes
A8: Aleluya, alabad al Señor | B8: 13 | C8: Laudes
A9: Aleluya, ya llegó el reino | B9: 15 | C9: Laudes
A10: Amo al Señor | B10: 18 | C10: Laudes
A11: Babilonia criminal | B11: 23 | C11: Laudes
A12: Bendeciré al Señor en todo tiempo | B12: 25 | C12: Laudes
... A47: Zaqueo | B47: 178 | C47: Laudes

Sheet Nuevo Testamento
A1: A la víctima pascual | B1: 1 | C1: Nuevo Testamento
A2: A nadie demos ocasión de tropiezo | B2: 2 | C2: Nuevo Testamento
A3: Abbá, Padre | B3: 7 | C3: Nuevo Testamento
A4: Aleluya, ya llegó el reino | B4: 15 | C4: Nuevo Testamento
A5: Amén, amén, amén | B5: 17 | C5: Nuevo Testamento
A6: Ave María I | B6: 21 | C6: Nuevo Testamento
A7: Ave María II (1984) | B7: 22 | C7: Nuevo Testamento
A8: Bendita eres tú, María | B8: 27 | C8: Nuevo Testamento
A9: Benedictus | B9: 30 | C9: Nuevo Testamento
A10: Caritas Christi urget nos | B10: 35 | C10: Nuevo Testamento
A11: Como condenados a muerte | B11: 37 | C11: Nuevo Testamento
A12: Día de reposo | B12: 50 | C12: Nuevo Testamento
... A46: Zaqueo | B46: 178 | C46: Nuevo Testamento

Sheet Antiguo Testamento
A1: A ti levanto mis ojos | B1: 3 | C1: Antiguo Testamento
A2: A ti, Señor, en mi clamor imploro | B2: 4 | C2: Antiguo Testamento
A3: A ti, Señor, levanto mi alma | B3: 5 | C3: Antiguo Testamento
A4: A ti, Señor, se debe la alabanza en Sión | B4: 6 | C4: Antiguo Testamento
A5: Abraham | B5: 8 | C5: Antiguo Testamento
A6: Aclamad al Señor | B6: 9 | C6: Antiguo Testamento
A7: Al despertar | B7: 10 | C7: Antiguo Testamento
A8: Alabad al Señor en el cielo | B8: 11 | C8: Antiguo Testamento
A9: Aleluya, alabad al Señor | B9: 13 | C9: Antiguo Testamento
A10: Aleluya, bendecid al Señor | B10: 14 | C10: Antiguo Testamento
A11: Alzaos, puertas | B11: 16 | C11: Antiguo Testamento
A12: Amo al Señor | B12: 18 | C12: Antiguo Testamento
... A97: Yo vengo a reunir | B97: 177 | C97: Antiguo Testamento

Sheet Final
A1: Balaam | B1: 24 | C1: Final
A2: Carmen 63 | B2: 36 | C2: Final
A3: Consolad a mi pueblo | B3: 41 | C3: Final
A4: Día de reposo | B4: 50 | C4: Final
A5: Eres hermoso | B5: 67 | C5: Final
A6: Gracias a Yahveh | B6: 77 | C6: Final
A7: Gritad jubilosos | B7: 78 | C7: Final
A8: Huye, amado mío | B8: 91 | C8: Final
A9: Id y anunciad a mis hermanos | B9: 92 | C9: Final
A10: La siega de las naciones | B10: 100 | C10: Final
A11: Llévame al cielo | B11: 107 | C11: Final
A12: Quién es ésta que sube del desierto | B12: 138 | C12: Final
... A16: Yo vengo a reunir | B16: 177 | C16: Final
